t,bid,ask,mid,book_bid,book_ask,inventory,cash,pnl,spread
0,99.417465,100.417465,99.917465,99.867465,99.967465,0.000000,0.000000,0.000000,1.000000
1,99.494780,100.494780,99.994780,99.944780,100.044780,0.000000,0.000000,0.000000,1.000000
2,99.357256,100.357256,99.857256,99.807256,99.907256,1.000000,-99.357256,0.500000,1.000000
3,99.278634,100.298634,99.838634,99.788634,99.888634,0.000000,0.941378,0.941378,1.020000
4,99.350608,100.350608,99.850608,99.800608,99.900608,0.000000,0.941378,0.941378,1.000000
5,99.326681,100.326681,99.826681,99.776681,99.876681,-1.000000,101.268059,1.441378,1.000000
6,99.586038,100.606038,100.046038,99.996038,100.096038,0.000000,1.682021,1.682021,1.020000
7,99.776845,100.776845,100.276845,100.226845,100.326845,1.000000,-98.094824,2.182021,1.000000
8,99.679188,100.699188,100.239188,100.189188,100.289188,1.000000,-98.094824,2.144365,1.020000
9,99.654608,100.674608,100.214608,100.164608,100.264608,0.000000,2.579785,2.579785,1.020000
10,99.884759,100.884759,100.384759,100.334759,100.434759,0.000000,2.579785,2.579785,1.000000
11,99.869047,100.869047,100.369047,100.319047,100.419047,1.000000,-97.289263,3.079785,1.000000
12,99.823316,100.843316,100.383316,100.333316,100.433316,2.000000,-197.112579,3.654053,1.020000
13,99.863014,100.903014,100.483014,100.433014,100.533014,3.000000,-296.975593,4.473450,1.040000
14,99.945341,101.005341,100.625341,100.575341,100.675341,3.000000,-296.975593,4.900429,1.060000
15,100.182468,101.242468,100.862468,100.812468,100.912468,4.000000,-397.158062,6.291812,1.060000
16,100.207385,101.287385,100.947385,100.897385,100.997385,5.000000,-497.365447,7.371479,1.080000
17,100.041717,101.141717,100.841717,100.791717,100.891717,5.000000,-497.365447,6.843139,1.100000
18,99.714967,100.814967,100.514967,100.464967,100.564967,5.000000,-497.365447,5.209389,1.100000
19,99.558383,100.658383,100.358383,100.308383,100.408383,5.000000,-497.365447,4.426466,1.100000
20,99.670262,100.770262,100.470262,100.420262,100.520262,4.000000,-396.595185,5.285861,1.100000
21,99.454774,100.534774,100.194774,100.144774,100.244774,4.000000,-396.595185,4.183911,1.080000
22,99.494297,100.574297,100.234297,100.184297,100.284297,4.000000,-396.595185,4.342003,1.080000
23,99.740563,100.820563,100.480563,100.430563,100.530563,4.000000,-396.595185,5.327065,1.080000
24,99.514069,100.594069,100.254069,100.204069,100.304069,5.000000,-496.109255,5.161091,1.080000
25,99.562294,100.662294,100.362294,100.312294,100.412294,6.000000,-595.671549,6.502218,1.100000
26,99.267834,100.387834,100.127834,100.077834,100.177834,7.000000,-694.939383,5.955458,1.120000
27,99.088490,100.228490,100.008490,99.958490,100.058490,7.000000,-694.939383,5.120045,1.140000
28,99.159896,100.299896,100.079896,100.029896,100.129896,7.000000,-694.939383,5.619890,1.140000
29,99.355445,100.495445,100.275445,100.225445,100.325445,7.000000,-694.939383,6.988734,1.140000
30,99.220995,100.360995,100.140995,100.090995,100.190995,6.000000,-594.578388,6.267582,1.140000
31,99.264197,100.384197,100.124197,100.074197,100.174197,6.000000,-594.578388,6.166793,1.120000
32,99.028074,100.148074,99.888074,99.838074,99.938074,6.000000,-594.578388,4.750054,1.120000
33,99.123767,100.243767,99.983767,99.933767,100.033767,5.000000,-494.334622,5.584211,1.120000
34,99.253936,100.353936,100.053936,100.003936,100.103936,6.000000,-593.588558,6.735057,1.100000
35,99.304354,100.424354,100.164354,100.114354,100.214354,5.000000,-493.164203,7.657567,1.120000
36,99.341774,100.441774,100.141774,100.091774,100.191774,4.000000,-392.722429,7.844667,1.100000
37,99.256940,100.336940,99.996940,99.946940,100.046940,3.000000,-292.385489,7.605332,1.080000
38,99.199633,100.259633,99.879633,99.829633,99.929633,3.000000,-292.385489,7.253411,1.060000
39,99.263225,100.323225,99.943225,99.893225,99.993225,4.000000,-391.648714,8.124185,1.060000
40,99.223588,100.303588,99.963588,99.913588,100.013588,4.000000,-391.648714,8.205638,1.080000
41,99.314801,100.394801,100.054801,100.004801,100.104801,4.000000,-391.648714,8.570491,1.080000
42,99.094756,100.174756,99.834756,99.784756,99.884756,5.000000,-490.743470,8.430311,1.080000
43,99.168650,100.268650,99.968650,99.918650,100.018650,6.000000,-589.912120,9.899783,1.100000
44,99.057038,100.177038,99.917038,99.867038,99.967038,7.000000,-688.969159,10.450110,1.120000
45,99.109656,100.249656,100.029656,99.979656,100.079656,7.000000,-688.969159,11.238435,1.140000
46,99.237144,100.377144,100.157144,100.107144,100.207144,8.000000,-788.206303,13.050853,1.140000
47,98.980446,100.140446,99.960446,99.910446,100.010446,9.000000,-887.186749,12.457264,1.160000
48,98.723953,99.903953,99.763953,99.713953,99.813953,9.000000,-887.186749,10.688831,1.180000
49,99.165503,100.345503,100.205503,100.155503,100.255503,10.000000,-986.352252,15.702777,1.180000
50,99.033034,100.233034,100.133034,100.083034,100.183034,10.000000,-986.352252,14.978093,1.200000
51,98.947560,100.147560,100.047560,99.997560,100.097560,11.000000,-1085.299812,15.223350,1.200000
52,98.608158,100.133158,99.920658,99.870658,99.970658,11.000000,-1085.299812,13.827422,1.525000
53,98.484784,100.009784,99.797284,99.747284,99.847284,11.000000,-1085.299812,12.470315,1.525000
54,98.418519,99.943519,99.731019,99.681019,99.781019,10.000000,-985.356292,11.953901,1.525000
55,98.618395,99.818395,99.718395,99.668395,99.768395,10.000000,-985.356292,11.827653,1.200000
56,98.243581,99.443581,99.343581,99.293581,99.393581,10.000000,-985.356292,8.079514,1.200000
57,98.465630,99.665630,99.565630,99.515630,99.615630,10.000000,-985.356292,10.300007,1.200000
58,98.433481,99.633481,99.533481,99.483481,99.583481,9.000000,-885.722811,10.078520,1.200000
59,98.390102,99.570102,99.430102,99.380102,99.480102,8.000000,-786.152709,9.288108,1.180000
60,98.632810,99.792810,99.612810,99.562810,99.662810,8.000000,-786.152709,10.749769,1.160000
61,98.574391,99.734391,99.554391,99.504391,99.604391,7.000000,-686.418318,10.462419,1.160000
62,98.752842,99.892842,99.672842,99.622842,99.722842,8.000000,-785.171160,12.211576,1.140000
63,98.757565,99.917565,99.737565,99.687565,99.787565,8.000000,-785.171160,12.729363,1.160000
64,98.677141,99.837141,99.657141,99.607141,99.707141,7.000000,-685.334019,12.265971,1.160000
65,98.901621,100.041621,99.821621,99.771621,99.871621,6.000000,-585.292398,13.637326,1.140000
66,99.033918,100.153918,99.893918,99.843918,99.943918,6.000000,-585.292398,14.071107,1.120000
67,99.172886,100.292886,100.032886,99.982886,100.082886,5.000000,-484.999512,15.164918,1.120000
68,99.078729,100.178729,99.878729,99.828729,99.928729,4.000000,-384.820783,14.694135,1.100000
69,99.249915,100.329915,99.989915,99.939915,100.039915,5.000000,-484.070698,15.878879,1.080000
70,99.339988,100.439988,100.139988,100.089988,100.189988,6.000000,-583.410686,17.429243,1.100000
71,99.302851,100.422851,100.162851,100.112851,100.212851,6.000000,-583.410686,17.566422,1.120000
72,99.319158,100.439158,100.179158,100.129158,100.229158,5.000000,-482.971528,17.924263,1.120000
73,99.395023,100.495023,100.195023,100.145023,100.245023,5.000000,-482.971528,18.003586,1.100000
74,99.523122,100.623122,100.323122,100.273122,100.373122,4.000000,-382.348406,18.944084,1.100000
75,99.851412,100.931412,100.591412,100.541412,100.641412,4.000000,-382.348406,20.017240,1.080000
76,99.703604,100.783604,100.443604,100.393604,100.493604,5.000000,-482.052010,20.166011,1.080000
77,99.479513,100.579513,100.279513,100.229513,100.329513,5.000000,-482.052010,19.345556,1.100000
78,99.280002,100.380002,100.080002,100.030002,100.130002,4.000000,-381.672008,18.648000,1.100000
79,99.336209,100.416209,100.076209,100.026209,100.126209,4.000000,-381.672008,18.632828,1.080000
80,99.398927,100.478927,100.138927,100.088927,100.188927,3.000000,-281.193081,19.223699,1.080000
81,99.175948,100.235948,99.855948,99.805948,99.905948,2.000000,-180.957134,18.754761,1.060000
82,99.234231,100.274231,99.854231,99.804231,99.904231,2.000000,-180.957134,18.751328,1.040000
83,99.296234,100.336234,99.916234,99.866234,99.966234,3.000000,-280.253368,19.495335,1.040000
84,99.440899,100.500899,100.120899,100.070899,100.170899,3.000000,-280.253368,20.109330,1.060000
85,99.616703,100.676703,100.296703,100.246703,100.346703,4.000000,-379.870071,21.316743,1.060000
86,99.778681,100.858681,100.518681,100.468681,100.568681,3.000000,-279.011390,22.544652,1.080000
87,99.898197,100.958197,100.578197,100.528197,100.628197,4.000000,-378.909587,23.403200,1.060000
88,99.887280,100.967280,100.627280,100.577280,100.677280,4.000000,-378.909587,23.599534,1.080000
89,99.963267,101.043267,100.703267,100.653267,100.753267,3.000000,-277.866321,24.243480,1.080000
90,100.073727,101.133727,100.753727,100.703727,100.803727,4.000000,-377.940047,25.074859,1.060000
91,100.021321,101.101321,100.761321,100.711321,100.811321,5.000000,-477.961368,25.845237,1.080000
92,99.613611,100.713611,100.413611,100.363611,100.463611,4.000000,-377.247757,24.406686,1.100000
93,99.633408,100.713408,100.373408,100.323408,100.423408,4.000000,-377.247757,24.245875,1.080000
94,99.461250,100.541250,100.201250,100.151250,100.251250,5.000000,-476.709007,24.297243,1.080000
95,99.609690,100.709690,100.409690,100.359690,100.459690,4.000000,-375.999317,25.639445,1.100000
96,99.732486,100.812486,100.472486,100.422486,100.522486,4.000000,-375.999317,25.890628,1.080000
97,99.623259,100.703259,100.363259,100.313259,100.413259,5.000000,-475.622576,26.193721,1.080000
98,99.661779,100.761779,100.461779,100.411779,100.511779,6.000000,-575.284356,27.486319,1.100000
99,99.386394,100.506394,100.246394,100.196394,100.296394,6.000000,-575.284356,26.194008,1.120000
100,99.303002,100.423002,100.163002,100.113002,100.213002,6.000000,-575.284356,25.693658,1.120000
101,99.283842,100.403842,100.143842,100.093842,100.193842,5.000000,-474.880514,25.838696,1.120000
102,99.627274,100.727274,100.427274,100.377274,100.477274,6.000000,-574.507788,28.055857,1.100000
103,99.465903,100.585903,100.325903,100.275903,100.375903,6.000000,-574.507788,27.447633,1.120000
104,99.488378,100.608378,100.348378,100.298378,100.398378,7.000000,-673.996166,28.442483,1.120000
105,99.449515,100.589515,100.369515,100.319515,100.419515,6.000000,-573.406652,28.810436,1.140000
106,99.654473,100.774473,100.514473,100.464473,100.564473,5.000000,-472.632178,29.940189,1.120000
107,99.637832,100.737832,100.437832,100.387832,100.487832,4.000000,-371.894346,29.856980,1.100000
108,99.641653,100.721653,100.381653,100.331653,100.431653,4.000000,-371.894346,29.632267,1.080000
109,99.447971,100.527971,100.187971,100.137971,100.237971,5.000000,-471.342318,29.597538,1.080000
110,99.371892,100.471892,100.171892,100.121892,100.221892,4.000000,-370.870426,29.817142,1.100000
111,99.358959,100.438959,100.098959,100.048959,100.148959,5.000000,-470.229385,30.265412,1.080000
112,99.278602,100.378602,100.078602,100.028602,100.128602,5.000000,-470.229385,30.163624,1.100000
113,99.159576,100.259576,99.959576,99.909576,100.009576,4.000000,-369.969809,29.868495,1.100000
114,98.987252,100.067252,99.727252,99.677252,99.777252,5.000000,-468.957061,29.679198,1.080000
115,98.875782,99.975782,99.675782,99.625782,99.725782,5.000000,-468.957061,29.421851,1.100000
116,98.916442,100.016442,99.716442,99.666442,99.766442,5.000000,-468.957061,29.625147,1.100000
117,99.253163,100.353163,100.053163,100.003163,100.103163,4.000000,-368.603898,31.608752,1.100000
118,99.326147,100.406147,100.066147,100.016147,100.116147,5.000000,-467.930046,32.400692,1.080000
119,99.177215,100.277215,99.977215,99.927215,100.027215,6.000000,-567.107261,32.756029,1.100000
120,99.075117,100.195117,99.935117,99.885117,99.985117,6.000000,-567.107261,32.503440,1.120000
121,98.984520,100.104520,99.844520,99.794520,99.894520,7.000000,-666.091781,32.819862,1.120000
122,99.029384,100.169384,99.949384,99.899384,99.999384,8.000000,-765.121165,34.473909,1.140000
123,99.059369,100.219369,100.039369,99.989369,100.089369,8.000000,-765.121165,35.193785,1.160000
124,99.010709,100.170709,99.990709,99.940709,100.040709,7.000000,-664.950456,34.984510,1.160000
125,99.149401,100.289401,100.069401,100.019401,100.119401,6.000000,-564.661055,35.755350,1.140000
126,99.355296,100.475296,100.215296,100.165296,100.265296,6.000000,-564.661055,36.630719,1.120000
127,99.586967,100.706967,100.446967,100.396967,100.496967,6.000000,-564.661055,38.020747,1.120000
128,99.638577,100.758577,100.498577,100.448577,100.548577,6.000000,-564.661055,38.330408,1.120000
129,99.777512,100.897512,100.637512,100.587512,100.687512,6.000000,-564.661055,39.164017,1.120000
130,99.622352,100.742352,100.482352,100.432352,100.532352,6.000000,-564.661055,38.233055,1.120000
131,99.652994,100.772994,100.512994,100.462994,100.562994,6.000000,-564.661055,38.416910,1.120000
132,99.823547,100.943547,100.683547,100.633547,100.733547,6.000000,-564.661055,39.440225,1.120000
133,99.890580,101.010580,100.750580,100.700580,100.800580,7.000000,-664.551635,40.702427,1.120000
134,99.748825,100.888825,100.668825,100.618825,100.718825,6.000000,-563.662811,40.350137,1.140000
135,99.618717,100.738717,100.478717,100.428717,100.528717,5.000000,-462.924093,39.469493,1.120000
136,99.911956,101.011956,100.711956,100.661956,100.761956,6.000000,-562.836049,41.435685,1.100000
137,99.704776,100.824776,100.564776,100.514776,100.614776,5.000000,-462.011273,40.812605,1.120000
138,99.844191,100.944191,100.644191,100.594191,100.694191,6.000000,-561.855464,42.009681,1.100000
139,99.756607,100.876607,100.616607,100.566607,100.666607,6.000000,-561.855464,41.844179,1.120000
140,99.424093,100.544093,100.284093,100.234093,100.334093,6.000000,-561.855464,39.849094,1.120000
141,99.632528,100.752528,100.492528,100.442528,100.542528,6.000000,-561.855464,41.099703,1.120000
142,99.540241,100.660241,100.400241,100.350241,100.450241,5.000000,-461.195223,40.805983,1.120000
143,99.657661,100.757661,100.457661,100.407661,100.507661,5.000000,-461.195223,41.093082,1.100000
144,99.427551,100.527551,100.227551,100.177551,100.277551,5.000000,-461.195223,39.942533,1.100000
145,99.482012,100.582012,100.282012,100.232012,100.332012,5.000000,-461.195223,40.214836,1.100000
146,99.387983,100.487983,100.187983,100.137983,100.237983,6.000000,-560.583206,40.544692,1.100000
147,99.126682,100.246682,99.986682,99.936682,100.036682,7.000000,-659.709888,40.196886,1.120000
148,99.125488,100.265488,100.045488,99.995488,100.095488,7.000000,-659.709888,40.608530,1.140000
149,99.106809,100.246809,100.026809,99.976809,100.076809,8.000000,-758.816698,41.397778,1.140000
150,99.215341,100.375341,100.195341,100.145341,100.245341,7.000000,-658.441357,42.926028,1.160000
151,99.596822,100.736822,100.516822,100.466822,100.566822,7.000000,-658.441357,45.176394,1.140000
152,99.868872,101.008872,100.788872,100.738872,100.838872,7.000000,-658.441357,47.080744,1.140000
153,99.929559,101.069559,100.849559,100.799559,100.899559,7.000000,-658.441357,47.505556,1.140000
154,99.943070,101.083070,100.863070,100.813070,100.913070,7.000000,-658.441357,47.600132,1.140000
155,99.955479,101.095479,100.875479,100.825479,100.925479,8.000000,-758.396836,48.606999,1.140000
156,100.028410,101.188410,101.008410,100.958410,101.058410,7.000000,-657.208427,49.850441,1.160000
157,100.053354,101.193354,100.973354,100.923354,101.023354,6.000000,-556.015072,49.825053,1.140000
158,100.156837,101.276837,101.016837,100.966837,101.066837,6.000000,-556.015072,50.085947,1.120000
159,100.128753,101.248753,100.988753,100.938753,101.038753,5.000000,-454.766320,50.177445,1.120000
160,99.837813,100.937813,100.637813,100.587813,100.687813,5.000000,-454.766320,48.422747,1.100000
161,99.785083,100.885083,100.585083,100.535083,100.635083,6.000000,-554.551402,48.959095,1.100000
162,99.487113,100.607113,100.347113,100.297113,100.397113,5.000000,-453.944289,47.791277,1.120000
163,99.483787,100.583787,100.283787,100.233787,100.333787,5.000000,-453.944289,47.474645,1.100000
164,99.580920,100.680920,100.380920,100.330920,100.430920,5.000000,-453.944289,47.960313,1.100000
165,99.661324,100.761324,100.461324,100.411324,100.511324,5.000000,-453.944289,48.362333,1.100000
166,99.580363,100.680363,100.380363,100.330363,100.430363,6.000000,-553.524652,48.757524,1.100000
167,99.307368,100.427368,100.167368,100.117368,100.217368,7.000000,-652.832020,48.339559,1.120000
168,98.962856,100.102856,99.882856,99.832856,99.932856,6.000000,-552.729164,46.567974,1.140000
169,99.112720,100.232720,99.972720,99.922720,100.022720,6.000000,-552.729164,47.107158,1.120000
170,99.239256,100.359256,100.099256,100.049256,100.149256,7.000000,-651.968420,48.726375,1.120000
171,99.019308,100.159308,99.939308,99.889308,99.989308,8.000000,-750.987728,48.526737,1.140000
172,99.174821,100.334821,100.154821,100.104821,100.204821,8.000000,-750.987728,50.250843,1.160000
173,99.069566,100.229566,100.049566,99.999566,100.099566,8.000000,-750.987728,49.408803,1.160000
174,99.048074,100.208074,100.028074,99.978074,100.078074,9.000000,-850.035802,50.216863,1.160000
175,98.897983,100.077983,99.937983,99.887983,99.987983,8.000000,-749.957819,49.546046,1.180000
176,98.755116,99.915116,99.735116,99.685116,99.785116,9.000000,-848.712935,48.903106,1.160000
177,98.611353,99.791353,99.651353,99.601353,99.701353,10.000000,-947.324287,49.189238,1.180000
178,98.810515,100.010515,99.910515,99.860515,99.960515,11.000000,-1046.134802,52.880860,1.200000
179,98.374124,99.899124,99.686624,99.636624,99.736624,10.000000,-946.235678,50.630567,1.525000
180,98.839327,100.039327,99.939327,99.889327,99.989327,10.000000,-946.235678,53.157595,1.200000
181,98.579780,99.779780,99.679780,99.629780,99.729780,9.000000,-846.455898,50.662122,1.200000
182,98.455020,99.635020,99.495020,99.445020,99.545020,8.000000,-746.820877,49.139285,1.180000
183,98.543458,99.703458,99.523458,99.473458,99.573458,7.000000,-647.117419,49.546787,1.160000
184,98.809315,99.949315,99.729315,99.679315,99.779315,6.000000,-547.168105,51.207784,1.140000
185,98.767647,99.887647,99.627647,99.577647,99.677647,6.000000,-547.168105,50.597776,1.120000
186,98.800449,99.920449,99.660449,99.610449,99.710449,5.000000,-447.247655,51.054591,1.120000
187,98.787793,99.887793,99.587793,99.537793,99.637793,5.000000,-447.247655,50.691309,1.100000
188,99.027214,100.127214,99.827214,99.777214,99.877214,5.000000,-447.247655,51.888417,1.100000
189,99.117372,100.217372,99.917372,99.867372,99.967372,6.000000,-546.365028,53.139207,1.100000
190,98.958893,100.078893,99.818893,99.768893,99.868893,7.000000,-645.323921,53.408331,1.120000
191,98.782031,99.922031,99.702031,99.652031,99.752031,7.000000,-645.323921,52.590297,1.140000
192,98.260306,99.400306,99.180306,99.130306,99.230306,7.000000,-645.323921,48.938219,1.140000
193,98.220066,99.360066,99.140066,99.090066,99.190066,6.000000,-545.963855,48.876543,1.140000
194,98.342123,99.462123,99.202123,99.152123,99.252123,7.000000,-644.305978,50.108885,1.120000
195,98.483436,99.623436,99.403436,99.353436,99.453436,7.000000,-644.305978,51.518078,1.140000
196,98.655880,99.795880,99.575880,99.525880,99.625880,7.000000,-644.305978,52.725182,1.140000
197,98.734662,99.874662,99.654662,99.604662,99.704662,7.000000,-644.305978,53.276654,1.140000
198,98.742772,99.882772,99.662772,99.612772,99.712772,7.000000,-644.305978,53.333429,1.140000
199,98.778825,99.918825,99.698825,99.648825,99.748825,7.000000,-644.305978,53.585797,1.140000
200,98.816504,99.956504,99.736504,99.686504,99.786504,8.000000,-743.122482,54.769552,1.140000
201,98.688435,99.848435,99.668435,99.618435,99.718435,8.000000,-743.122482,54.224996,1.160000
202,98.721446,99.881446,99.701446,99.651446,99.751446,8.000000,-743.122482,54.489085,1.160000
203,98.438863,99.598863,99.418863,99.368863,99.468863,8.000000,-743.122482,52.228425,1.160000
204,98.620687,99.780687,99.600687,99.550687,99.650687,8.000000,-743.122482,53.683013,1.160000
205,98.599079,99.759079,99.579079,99.529079,99.629079,9.000000,-841.721561,54.490154,1.160000
206,98.310605,99.490605,99.350605,99.300605,99.400605,8.000000,-742.230956,52.573886,1.180000
207,98.551493,99.711493,99.531493,99.481493,99.581493,7.000000,-642.519464,54.200985,1.160000
208,98.962789,100.102789,99.882789,99.832789,99.932789,6.000000,-542.416675,56.880059,1.140000
209,98.857511,99.977511,99.717511,99.667511,99.767511,5.000000,-442.439164,56.148389,1.120000
210,99.067078,100.167078,99.867078,99.817078,99.917078,4.000000,-342.272086,57.196226,1.100000
211,99.091780,100.171780,99.831780,99.781780,99.881780,4.000000,-342.272086,57.055035,1.080000
212,99.184196,100.264196,99.924196,99.874196,99.974196,5.000000,-441.456282,58.164698,1.080000
213,99.044888,100.144888,99.844888,99.794888,99.894888,4.000000,-341.311395,58.068156,1.100000
214,98.783009,99.863009,99.523009,99.473009,99.573009,4.000000,-341.311395,56.780641,1.080000
215,98.859950,99.939950,99.599950,99.549950,99.649950,5.000000,-440.171345,57.828406,1.080000
216,98.706164,99.806164,99.506164,99.456164,99.556164,4.000000,-340.365180,57.659478,1.100000
217,98.725123,99.805123,99.465123,99.415123,99.515123,5.000000,-439.090303,58.235312,1.080000
218,98.691842,99.791842,99.491842,99.441842,99.541842,4.000000,-339.298461,58.668908,1.100000
219,98.757188,99.837188,99.497188,99.447188,99.547188,3.000000,-239.461274,59.030289,1.080000
220,99.084297,100.144297,99.764297,99.714297,99.814297,4.000000,-338.545571,60.511617,1.060000
221,99.062169,100.142169,99.802169,99.752169,99.852169,3.000000,-238.403402,61.003105,1.080000
222,99.192943,100.252943,99.872943,99.822943,99.922943,2.000000,-138.150459,61.595428,1.060000
223,99.350603,100.390603,99.970603,99.920603,100.020603,3.000000,-237.501061,62.410747,1.040000
224,99.334653,100.394653,100.014653,99.964653,100.064653,2.000000,-137.106409,62.922897,1.060000
225,99.321337,100.361337,99.941337,99.891337,99.991337,2.000000,-137.106409,62.776266,1.040000
226,99.332627,100.372627,99.952627,99.902627,100.002627,3.000000,-236.439036,63.418846,1.040000
227,99.141376,100.201376,99.821376,99.771376,99.871376,4.000000,-335.580412,63.705092,1.060000
228,99.036660,100.116660,99.776660,99.726660,99.826660,4.000000,-335.580412,63.526229,1.080000
229,99.362586,100.442586,100.102586,100.052586,100.152586,4.000000,-335.580412,64.829934,1.080000
230,99.675258,100.755258,100.415258,100.365258,100.465258,4.000000,-335.580412,66.080620,1.080000
231,99.883893,100.963893,100.623893,100.573893,100.673893,5.000000,-435.464305,67.655162,1.080000
232,99.857793,100.957793,100.657793,100.607793,100.707793,6.000000,-535.322098,68.624660,1.100000
233,99.923755,101.043755,100.783755,100.733755,100.833755,5.000000,-434.278343,69.640433,1.120000
234,99.952819,101.052819,100.752819,100.702819,100.802819,5.000000,-434.278343,69.485754,1.100000
235,99.611127,100.711127,100.411127,100.361127,100.461127,4.000000,-333.567216,68.077291,1.100000
236,99.697222,100.777222,100.437222,100.387222,100.487222,4.000000,-333.567216,68.181671,1.080000
237,99.833403,100.913403,100.573403,100.523403,100.623403,3.000000,-232.653814,69.066394,1.080000
238,100.162677,101.222677,100.842677,100.792677,100.892677,3.000000,-232.653814,69.874218,1.060000
239,100.151501,101.211501,100.831501,100.781501,100.881501,3.000000,-232.653814,69.840690,1.060000
240,99.889577,100.949577,100.569577,100.519577,100.619577,3.000000,-232.653814,69.054917,1.060000
241,100.282082,101.342082,100.962082,100.912082,101.012082,2.000000,-131.311732,70.612432,1.060000
242,100.205628,101.245628,100.825628,100.775628,100.875628,2.000000,-131.311732,70.339524,1.040000
243,100.301421,101.341421,100.921421,100.871421,100.971421,1.000000,-29.970310,70.951111,1.040000
244,100.329401,101.349401,100.889401,100.839401,100.939401,0.000000,71.379090,71.379090,1.020000
245,100.410177,101.410177,100.910177,100.860177,100.960177,-1.000000,172.789267,71.879090,1.000000
246,100.337981,101.357981,100.797981,100.747981,100.847981,-2.000000,274.147248,72.551286,1.020000
247,100.057161,101.097161,100.477161,100.427161,100.527161,-3.000000,375.244410,73.812926,1.040000
248,100.455643,101.515643,100.835643,100.785643,100.885643,-3.000000,375.244410,72.737481,1.060000
249,100.364981,101.424981,100.744981,100.694981,100.794981,-4.000000,476.669390,73.689467,1.060000
250,100.321020,101.401020,100.661020,100.611020,100.711020,-4.000000,476.669390,74.025312,1.080000
251,100.546773,101.626773,100.886773,100.836773,100.936773,-4.000000,476.669390,73.122297,1.080000
252,100.470512,101.550512,100.810512,100.760512,100.860512,-4.000000,476.669390,73.427341,1.080000
253,100.284236,101.364236,100.624236,100.574236,100.674236,-4.000000,476.669390,74.172445,1.080000
254,100.364024,101.444024,100.704024,100.654024,100.754024,-4.000000,476.669390,73.853295,1.080000
255,100.468477,101.548477,100.808477,100.758477,100.858477,-4.000000,476.669390,73.435484,1.080000
256,100.382413,101.462413,100.722413,100.672413,100.772413,-4.000000,476.669390,73.779737,1.080000
257,100.280302,101.360302,100.620302,100.570302,100.670302,-4.000000,476.669390,74.188183,1.080000
258,100.403339,101.483339,100.743339,100.693339,100.793339,-4.000000,476.669390,73.696036,1.080000
259,100.147247,101.227247,100.487247,100.437247,100.537247,-5.000000,577.896638,75.460402,1.080000
260,100.224776,101.324776,100.524776,100.474776,100.574776,-4.000000,477.671862,75.572759,1.100000
261,100.305636,101.385636,100.645636,100.595636,100.695636,-4.000000,477.671862,75.089318,1.080000
262,100.124061,101.204061,100.464061,100.414061,100.514061,-3.000000,377.547801,76.155619,1.080000
263,99.842049,100.902049,100.222049,100.172049,100.272049,-4.000000,478.449850,77.561654,1.060000
264,99.601946,100.681946,99.941946,99.891946,99.991946,-4.000000,478.449850,78.682065,1.080000
265,99.487228,100.567228,99.827228,99.777228,99.877228,-4.000000,478.449850,79.140939,1.080000
266,99.743101,100.823101,100.083101,100.033101,100.133101,-4.000000,478.449850,78.117445,1.080000
267,99.738252,100.818252,100.078252,100.028252,100.128252,-4.000000,478.449850,78.136843,1.080000
268,99.862475,100.942475,100.202475,100.152475,100.252475,-4.000000,478.449850,77.639951,1.080000
269,100.013959,101.093959,100.353959,100.303959,100.403959,-3.000000,378.435891,77.374014,1.080000
270,99.966195,101.026195,100.346195,100.296195,100.396195,-3.000000,378.435891,77.397305,1.060000
271,100.242337,101.302337,100.622337,100.572337,100.672337,-4.000000,479.738228,77.248881,1.060000
272,100.165423,101.245423,100.505423,100.455423,100.555423,-4.000000,479.738228,77.716536,1.080000
273,99.835946,100.915946,100.175946,100.125946,100.225946,-5.000000,580.654174,79.774445,1.080000
274,99.490006,100.590006,99.790006,99.740006,99.840006,-5.000000,580.654174,81.704144,1.100000
275,99.432175,100.532175,99.732175,99.682175,99.782175,-6.000000,681.186349,82.793297,1.100000
276,99.728100,100.848100,99.988100,99.938100,100.038100,-6.000000,681.186349,81.257750,1.120000
277,99.805652,100.925652,100.065652,100.015652,100.115652,-6.000000,681.186349,80.792436,1.120000
278,99.788856,100.908856,100.048856,99.998856,100.098856,-5.000000,581.397492,81.153211,1.120000
279,99.797820,100.897820,100.097820,100.047820,100.147820,-6.000000,682.295312,81.708393,1.100000
280,99.797495,100.917495,100.057495,100.007495,100.107495,-6.000000,682.295312,81.950344,1.120000
281,99.731515,100.851515,99.991515,99.941515,100.041515,-6.000000,682.295312,82.346222,1.120000
282,99.912261,101.032261,100.172261,100.122261,100.222261,-5.000000,582.383052,81.521748,1.120000
283,99.973124,101.073124,100.273124,100.223124,100.323124,-4.000000,482.409927,81.317430,1.100000
284,99.883733,100.963733,100.223733,100.173733,100.273733,-3.000000,382.526194,81.854994,1.080000
285,99.773191,100.833191,100.153191,100.103191,100.203191,-3.000000,382.526194,82.066620,1.060000
286,99.587950,100.647950,99.967950,99.917950,100.017950,-4.000000,483.174143,83.302345,1.060000
287,99.463046,100.543046,99.803046,99.753046,99.853046,-5.000000,583.717190,84.701959,1.080000
288,99.595478,100.695478,99.895478,99.845478,99.945478,-5.000000,583.717190,84.239797,1.100000
289,99.500917,100.600917,99.800917,99.750917,99.850917,-4.000000,484.216273,85.012606,1.100000
290,99.227554,100.307554,99.567554,99.517554,99.617554,-4.000000,484.216273,85.946056,1.080000
291,98.809859,99.889859,99.149859,99.099859,99.199859,-4.000000,484.216273,87.616838,1.080000
292,98.880612,99.960612,99.220612,99.170612,99.270612,-3.000000,385.335661,87.673825,1.080000
293,98.611147,99.671147,98.991147,98.941147,99.041147,-4.000000,485.006808,89.042219,1.060000
294,98.515112,99.595112,98.855112,98.805112,98.905112,-5.000000,584.601920,90.326361,1.080000
295,98.447017,99.547017,98.747017,98.697017,98.797017,-5.000000,584.601920,90.866835,1.100000
296,98.788515,99.888515,99.088515,99.038515,99.138515,-5.000000,584.601920,89.159346,1.100000
297,98.544119,99.644119,98.844119,98.794119,98.894119,-4.000000,486.057801,90.681323,1.100000
298,98.345081,99.425081,98.685081,98.635081,98.735081,-3.000000,387.712720,91.657478,1.080000
299,98.137389,99.197389,98.517389,98.467389,98.567389,-3.000000,387.712720,92.160554,1.060000
300,98.070185,99.130185,98.450185,98.400185,98.500185,-3.000000,387.712720,92.362166,1.060000
301,97.751570,98.811570,98.131570,98.081570,98.181570,-4.000000,486.524290,93.998010,1.060000
302,97.543960,98.623960,97.883960,97.833960,97.933960,-4.000000,486.524290,94.988451,1.080000
303,97.649101,98.729101,97.989101,97.939101,98.039101,-5.000000,585.253391,95.307886,1.080000
304,97.604536,98.704536,97.904536,97.854536,97.954536,-5.000000,585.253391,95.730711,1.100000
305,97.069305,98.169305,97.369305,97.319305,97.419305,-4.000000,488.184086,98.706865,1.100000
306,97.045765,98.125765,97.385765,97.335765,97.435765,-5.000000,586.309851,99.381025,1.080000
307,97.058175,98.158175,97.358175,97.308175,97.408175,-6.000000,684.468026,100.318977,1.100000
308,97.059652,98.179652,97.319652,97.269652,97.369652,-6.000000,684.468026,100.550112,1.120000
309,97.213295,98.333295,97.473295,97.423295,97.523295,-5.000000,587.254731,99.888255,1.120000
310,97.559001,98.659001,97.859001,97.809001,97.909001,-6.000000,685.913732,98.759725,1.100000
311,97.621352,98.741352,97.881352,97.831352,97.931352,-6.000000,685.913732,98.625620,1.120000
312,97.878851,98.998851,98.138851,98.088851,98.188851,-6.000000,685.913732,97.080628,1.120000
313,97.944996,99.064996,98.204996,98.154996,98.254996,-6.000000,685.913732,96.683757,1.120000
314,98.132467,99.252467,98.392467,98.342467,98.442467,-6.000000,685.913732,95.558932,1.120000
315,98.195515,99.315515,98.455515,98.405515,98.505515,-6.000000,685.913732,95.180640,1.120000
316,98.154144,99.274144,98.414144,98.364144,98.464144,-5.000000,587.759588,95.688869,1.120000
317,97.955514,99.055514,98.255514,98.205514,98.305514,-5.000000,587.759588,96.482017,1.100000
318,98.058840,99.158840,98.358840,98.308840,98.408840,-6.000000,686.918428,96.765388,1.100000
319,98.168857,99.288857,98.428857,98.378857,98.478857,-6.000000,686.918428,96.345284,1.120000
320,98.247965,99.367965,98.507965,98.457965,98.557965,-6.000000,686.918428,95.870639,1.120000
321,98.287255,99.407255,98.547255,98.497255,98.597255,-7.000000,786.325683,96.494895,1.120000
322,98.277856,99.417856,98.497856,98.447856,98.547856,-7.000000,786.325683,96.840692,1.140000
323,98.263332,99.403332,98.483332,98.433332,98.533332,-8.000000,885.729015,97.862360,1.140000
324,98.445789,99.605789,98.625789,98.575789,98.675789,-9.000000,985.334805,97.702700,1.160000
325,98.431641,99.611641,98.571641,98.521641,98.621641,-9.000000,985.334805,98.190034,1.180000
326,98.456603,99.636603,98.596603,98.546603,98.646603,-9.000000,985.334805,97.965373,1.180000
327,98.310207,99.490207,98.450207,98.400207,98.500207,-8.000000,887.024598,99.422946,1.180000
328,98.611978,99.771978,98.791978,98.741978,98.841978,-8.000000,887.024598,96.688771,1.160000
329,98.194378,99.354378,98.374378,98.324378,98.424378,-8.000000,887.024598,100.029575,1.160000
330,97.990626,99.150626,98.170626,98.120626,98.220626,-8.000000,887.024598,101.659593,1.160000
331,97.920210,99.080210,98.100210,98.050210,98.150210,-7.000000,789.104388,102.402919,1.160000
332,97.924806,99.064806,98.144806,98.094806,98.194806,-7.000000,789.104388,102.090747,1.140000
333,98.018226,99.158226,98.238226,98.188226,98.288226,-7.000000,789.104388,101.436807,1.140000
334,98.220238,99.360238,98.440238,98.390238,98.490238,-6.000000,690.884150,100.242724,1.140000
335,98.199257,99.319257,98.459257,98.409257,98.509257,-5.000000,592.684894,100.388610,1.120000
336,98.075052,99.175052,98.375052,98.325052,98.425052,-4.000000,494.609842,101.109635,1.100000
337,98.082182,99.162182,98.422182,98.372182,98.472182,-5.000000,593.772024,101.661113,1.080000
338,98.228926,99.328926,98.528926,98.478926,98.578926,-6.000000,693.100950,101.927396,1.100000
339,98.069014,99.189014,98.329014,98.279014,98.379014,-6.000000,693.100950,103.126866,1.120000
340,98.279599,99.399599,98.539599,98.489599,98.589599,-5.000000,594.821351,102.123358,1.120000
341,98.165273,99.265273,98.465273,98.415273,98.515273,-5.000000,594.821351,102.494989,1.100000
342,98.131522,99.231522,98.431522,98.381522,98.481522,-5.000000,594.821351,102.663743,1.100000
343,98.312660,99.412660,98.612660,98.562660,98.662660,-5.000000,594.821351,101.758049,1.100000
344,98.393811,99.493811,98.693811,98.643811,98.743811,-6.000000,694.315162,102.152297,1.100000
345,98.453751,99.573751,98.713751,98.663751,98.763751,-5.000000,595.861411,102.292655,1.120000
346,98.458415,99.558415,98.758415,98.708415,98.808415,-6.000000,695.419826,102.869335,1.100000
347,98.240484,99.360484,98.500484,98.450484,98.550484,-6.000000,695.419826,104.416922,1.120000
348,98.168466,99.288466,98.428466,98.378466,98.478466,-5.000000,597.251360,105.109032,1.120000
349,98.473236,99.573236,98.773236,98.723236,98.823236,-6.000000,696.824596,104.185180,1.100000
350,98.371532,99.491532,98.631532,98.581532,98.681532,-5.000000,598.453064,105.295402,1.120000
351,98.676969,99.776969,98.976969,98.926969,99.026969,-6.000000,698.230033,104.368218,1.100000
352,98.864828,99.984828,99.124828,99.074828,99.174828,-6.000000,698.230033,103.481068,1.120000
353,98.775658,99.895658,99.035658,98.985658,99.085658,-6.000000,698.230033,104.016086,1.120000
354,98.808284,99.928284,99.068284,99.018284,99.118284,-7.000000,798.158317,104.680328,1.120000
355,99.140165,100.280165,99.360165,99.310165,99.410165,-7.000000,798.158317,102.637164,1.140000
356,99.332845,100.472845,99.552845,99.502845,99.602845,-7.000000,798.158317,101.288404,1.140000
357,99.436200,100.576200,99.656200,99.606200,99.706200,-7.000000,798.158317,100.564916,1.140000
358,99.639427,100.779427,99.859427,99.809427,99.909427,-8.000000,898.937744,100.062329,1.140000
359,99.833723,100.993723,100.013723,99.963723,100.063723,-9.000000,999.931468,99.807957,1.160000
360,99.580850,100.760850,99.720850,99.670850,99.770850,-10.000000,1100.692318,103.483815,1.180000
361,99.578925,100.778925,99.678925,99.628925,99.728925,-9.000000,1001.113393,104.003063,1.200000
362,99.742454,100.922454,99.882454,99.832454,99.932454,-9.000000,1001.113393,102.171307,1.180000
363,99.688538,100.868538,99.828538,99.778538,99.878538,-8.000000,901.424854,102.796547,1.180000
364,99.977198,101.137198,100.157198,100.107198,100.207198,-8.000000,901.424854,100.167268,1.160000
365,100.028208,101.188208,100.208208,100.158208,100.258208,-9.000000,1002.613063,100.739187,1.160000
366,100.221041,101.401041,100.361041,100.311041,100.411041,-8.000000,902.392021,99.503689,1.180000
367,100.173524,101.333524,100.353524,100.303524,100.403524,-9.000000,1003.725545,100.543832,1.160000
368,100.239837,101.419837,100.379837,100.329837,100.429837,-9.000000,1003.725545,100.307014,1.180000
369,100.448125,101.628125,100.588125,100.538125,100.638125,-9.000000,1003.725545,98.432416,1.180000
370,100.051038,101.231038,100.191038,100.141038,100.241038,-9.000000,1003.725545,102.006207,1.180000
371,100.160469,101.340469,100.300469,100.250469,100.350469,-8.000000,903.565076,101.161325,1.180000
372,100.054819,101.214819,100.234819,100.184819,100.284819,-8.000000,903.565076,101.686524,1.160000
373,99.876869,101.036869,100.056869,100.006869,100.106869,-7.000000,803.688207,103.290126,1.160000
374,99.833227,100.973227,100.053227,100.003227,100.103227,-7.000000,803.688207,103.315617,1.140000
375,99.749944,100.889944,99.969944,99.919944,100.019944,-6.000000,703.938263,104.118602,1.140000
376,99.669996,100.789996,99.929996,99.879996,99.979996,-7.000000,804.728259,105.218288,1.120000
377,99.610316,100.750316,99.830316,99.780316,99.880316,-6.000000,705.117944,106.136049,1.140000
378,99.688242,100.808242,99.948242,99.898242,99.998242,-6.000000,705.117944,105.428492,1.120000
379,99.620393,100.740393,99.880393,99.830393,99.930393,-6.000000,705.117944,105.835587,1.120000
380,99.689404,100.809404,99.949404,99.899404,99.999404,-5.000000,605.428540,105.681520,1.120000
381,99.611944,100.711944,99.911944,99.861944,99.961944,-4.000000,505.816595,106.168818,1.100000
382,99.656406,100.736406,99.996406,99.946406,100.046406,-4.000000,505.816595,105.830971,1.080000
383,99.426527,100.506527,99.766527,99.716527,99.816527,-4.000000,505.816595,106.750487,1.080000
384,99.551258,100.631258,99.891258,99.841258,99.941258,-4.000000,505.816595,106.251562,1.080000
385,99.582400,100.662400,99.922400,99.872400,99.972400,-4.000000,505.816595,106.126994,1.080000
386,99.560022,100.640022,99.900022,99.850022,99.950022,-4.000000,505.816595,106.216507,1.080000
387,99.461110,100.541110,99.801110,99.751110,99.851110,-5.000000,606.357705,107.352156,1.080000
388,99.438730,100.538730,99.738730,99.688730,99.788730,-5.000000,606.357705,107.664056,1.100000
389,99.423122,100.523122,99.723122,99.673122,99.773122,-5.000000,606.357705,107.742093,1.100000
390,99.500413,100.600413,99.800413,99.750413,99.850413,-6.000000,706.958119,108.155639,1.100000
391,99.719541,100.839541,99.979541,99.929541,100.029541,-6.000000,706.958119,107.080875,1.120000
392,99.464690,100.584690,99.724690,99.674690,99.774690,-5.000000,607.493429,108.869981,1.120000
393,99.451296,100.551296,99.751296,99.701296,99.801296,-5.000000,607.493429,108.736950,1.100000
394,99.438230,100.538230,99.738230,99.688230,99.788230,-5.000000,607.493429,108.802282,1.100000
395,99.580041,100.680041,99.880041,99.830041,99.930041,-5.000000,607.493429,108.093224,1.100000
396,99.560082,100.660082,99.860082,99.810082,99.910082,-4.000000,507.933347,108.493018,1.100000
397,99.688934,100.768934,100.028934,99.978934,100.078934,-3.000000,408.244413,108.157610,1.080000
398,99.724944,100.784944,100.104944,100.054944,100.154944,-3.000000,408.244413,107.929580,1.060000
399,99.694837,100.754837,100.074837,100.024837,100.124837,-2.000000,308.549575,108.399901,1.060000
400,99.661676,100.701676,100.081676,100.031676,100.131676,-2.000000,308.549575,108.386223,1.040000
401,99.567027,100.607027,99.987027,99.937027,100.037027,-3.000000,409.156603,109.195521,1.040000
402,99.613518,100.673518,99.993518,99.943518,100.043518,-3.000000,409.156603,109.176048,1.060000
403,99.768089,100.828089,100.148089,100.098089,100.198089,-3.000000,409.156603,108.712335,1.060000
404,99.849789,100.909789,100.229789,100.179789,100.279789,-3.000000,409.156603,108.467235,1.060000
405,100.152322,101.212322,100.532322,100.482322,100.582322,-3.000000,409.156603,107.559636,1.060000
406,100.317571,101.377571,100.697571,100.647571,100.747571,-2.000000,308.839032,107.443890,1.060000
407,100.287114,101.327114,100.707114,100.657114,100.757114,-1.000000,208.551918,107.844805,1.040000
408,100.294784,101.314784,100.754784,100.704784,100.804784,-2.000000,309.866703,108.357134,1.020000
409,100.240357,101.280357,100.660357,100.610357,100.710357,-2.000000,309.866703,108.545989,1.040000
410,100.396388,101.436388,100.816388,100.766388,100.866388,-3.000000,411.303090,108.853927,1.040000
411,100.422175,101.482175,100.802175,100.752175,100.852175,-4.000000,512.785265,109.576566,1.060000
412,100.340558,101.420558,100.680558,100.630558,100.730558,-3.000000,412.444707,110.403032,1.080000
413,100.429898,101.489898,100.809898,100.759898,100.859898,-4.000000,513.934605,110.695013,1.060000
414,100.427431,101.507431,100.767431,100.717431,100.817431,-5.000000,615.442036,111.604879,1.080000
415,100.335127,101.435127,100.635127,100.585127,100.685127,-4.000000,515.106909,112.566399,1.100000
416,100.288164,101.368164,100.628164,100.578164,100.678164,-4.000000,515.106909,112.594251,1.080000
417,100.238677,101.318677,100.578677,100.528677,100.628677,-3.000000,414.868232,113.132200,1.080000
418,100.314241,101.374241,100.694241,100.644241,100.744241,-4.000000,516.242472,113.465509,1.060000
419,100.455756,101.535756,100.795756,100.745756,100.845756,-4.000000,516.242472,113.059447,1.080000
420,100.529319,101.609319,100.869319,100.819319,100.919319,-4.000000,516.242472,112.765195,1.080000
421,100.438752,101.518752,100.778752,100.728752,100.828752,-3.000000,415.803720,113.467463,1.080000
422,100.701813,101.761813,101.081813,101.031813,101.131813,-3.000000,415.803720,112.558282,1.060000
423,100.590831,101.650831,100.970831,100.920831,101.020831,-2.000000,315.212889,113.271226,1.060000
424,100.483457,101.523457,100.903457,100.853457,100.953457,-2.000000,315.212889,113.405975,1.040000
425,100.652470,101.692470,101.072470,101.022470,101.122470,-1.000000,214.560419,113.487949,1.040000
426,100.595521,101.615521,101.055521,101.005521,101.105521,-1.000000,214.560419,113.504898,1.020000
427,100.411781,101.431781,100.871781,100.821781,100.921781,-2.000000,315.992200,114.248638,1.020000
428,100.646580,101.686580,101.066580,101.016580,101.116580,-3.000000,417.678779,114.479040,1.040000
429,100.702732,101.762732,101.082732,101.032732,101.132732,-3.000000,417.678779,114.430584,1.060000
430,100.630085,101.690085,101.010085,100.960085,101.060085,-3.000000,417.678779,114.648523,1.060000
431,100.576892,101.636892,100.956892,100.906892,101.006892,-3.000000,417.678779,114.808104,1.060000
432,100.299876,101.359876,100.679876,100.629876,100.729876,-4.000000,519.038655,116.319152,1.060000
433,100.254876,101.334876,100.594876,100.544876,100.644876,-4.000000,519.038655,116.659153,1.080000
434,100.307940,101.387940,100.647940,100.597940,100.697940,-4.000000,519.038655,116.446896,1.080000
435,100.264747,101.344747,100.604747,100.554747,100.654747,-4.000000,519.038655,116.619667,1.080000
436,100.642079,101.722079,100.982079,100.932079,101.032079,-3.000000,418.396576,115.450339,1.080000
437,100.353617,101.413617,100.733617,100.683617,100.783617,-2.000000,318.042959,116.575725,1.060000
438,100.557595,101.597595,100.977595,100.927595,101.027595,-3.000000,419.640554,116.707770,1.040000
439,100.225401,101.285401,100.605401,100.555401,100.655401,-4.000000,520.925955,118.504352,1.060000
440,100.511118,101.591118,100.851118,100.801118,100.901118,-5.000000,622.517072,118.261485,1.080000
441,100.776273,101.876273,101.076273,101.026273,101.126273,-4.000000,521.740799,117.435706,1.100000
442,100.537305,101.617305,100.877305,100.827305,100.927305,-4.000000,521.740799,118.231579,1.080000
443,100.710493,101.790493,101.050493,101.000493,101.100493,-5.000000,623.531292,118.278828,1.080000
444,100.732643,101.832643,101.032643,100.982643,101.082643,-5.000000,623.531292,118.368076,1.100000
445,100.555959,101.655959,100.855959,100.805959,100.905959,-6.000000,725.187250,120.051499,1.100000
446,100.731232,101.851232,100.991232,100.941232,101.041232,-6.000000,725.187250,119.239857,1.120000
447,100.922434,102.042434,101.182434,101.132434,101.232434,-6.000000,725.187250,118.092647,1.120000
448,100.961133,102.081133,101.221133,101.171133,101.271133,-6.000000,725.187250,117.860450,1.120000
449,101.031501,102.151501,101.291501,101.241501,101.341501,-5.000000,624.155749,117.698245,1.120000
450,100.942998,102.042998,101.242998,101.192998,101.292998,-4.000000,523.212752,118.240762,1.100000
451,100.910138,101.990138,101.250138,101.200138,101.300138,-5.000000,625.202890,118.952200,1.080000
452,101.103609,102.203609,101.403609,101.353609,101.453609,-6.000000,727.406499,118.984844,1.100000
453,101.157347,102.277347,101.417347,101.367347,101.467347,-5.000000,626.249152,119.162417,1.120000
454,101.255243,102.355243,101.555243,101.505243,101.605243,-6.000000,728.604395,119.272939,1.100000
455,101.378121,102.498121,101.638121,101.588121,101.688121,-6.000000,728.604395,118.775668,1.120000
456,101.633376,102.753376,101.893376,101.843376,101.943376,-6.000000,728.604395,117.244141,1.120000
457,101.840847,102.960847,102.100847,102.050847,102.150847,-7.000000,831.565242,116.859311,1.120000
458,101.902785,103.042785,102.122785,102.072785,102.172785,-7.000000,831.565242,116.705750,1.140000
459,101.981103,103.121103,102.201103,102.151103,102.251103,-7.000000,831.565242,116.157524,1.140000
460,102.298466,103.438466,102.518466,102.468466,102.568466,-7.000000,831.565242,113.935980,1.140000
461,102.267678,103.407678,102.487678,102.437678,102.537678,-7.000000,831.565242,114.151498,1.140000
462,102.252554,103.392554,102.472554,102.422554,102.522554,-6.000000,729.312688,114.477362,1.140000
463,102.437339,103.557339,102.697339,102.647339,102.747339,-7.000000,832.870027,113.988653,1.120000
464,102.737171,103.877171,102.957171,102.907171,103.007171,-8.000000,936.747198,113.089827,1.140000
465,102.938434,104.098434,103.118434,103.068434,103.168434,-7.000000,833.808764,111.979728,1.160000
466,102.984113,104.124113,103.204113,103.154113,103.254113,-6.000000,730.824651,111.599974,1.140000
467,103.000401,104.120401,103.260401,103.210401,103.310401,-5.000000,627.824251,111.522248,1.120000
468,102.763717,103.863717,103.063717,103.013717,103.113717,-4.000000,525.060534,112.805664,1.100000
469,102.903484,103.983484,103.243484,103.193484,103.293484,-3.000000,422.157049,112.426597,1.080000
470,102.801637,103.861637,103.181637,103.131637,103.231637,-4.000000,526.018687,113.292138,1.060000
471,102.629843,103.709843,102.969843,102.919843,103.019843,-5.000000,629.728530,114.879315,1.080000
472,102.839531,103.939531,103.139531,103.089531,103.189531,-5.000000,629.728530,114.030875,1.100000
473,102.798319,103.898319,103.098319,103.048319,103.148319,-5.000000,629.728530,114.236936,1.100000
474,102.802608,103.902608,103.102608,103.052608,103.152608,-6.000000,733.631138,115.015488,1.100000
475,103.079643,104.199643,103.339643,103.289643,103.389643,-6.000000,733.631138,113.593279,1.120000
476,103.067216,104.187216,103.327216,103.277216,103.377216,-6.000000,733.631138,113.667845,1.120000
477,103.011241,104.131241,103.271241,103.221241,103.321241,-6.000000,733.631138,114.003693,1.120000
478,103.101208,104.221208,103.361208,103.311208,103.411208,-6.000000,733.631138,113.463888,1.120000
479,103.271240,104.391240,103.531240,103.481240,103.581240,-5.000000,630.359897,112.703696,1.120000
480,103.130367,104.230367,103.430367,103.380367,103.480367,-5.000000,630.359897,113.208063,1.100000
481,102.787644,103.887644,103.087644,103.037644,103.137644,-6.000000,734.247542,115.721677,1.100000
482,103.076192,104.196192,103.336192,103.286192,103.386192,-6.000000,734.247542,114.230388,1.120000
483,102.845129,103.965129,103.105129,103.055129,103.155129,-7.000000,838.212671,116.476765,1.120000
484,102.779575,103.919575,102.999575,102.949575,103.049575,-6.000000,735.433096,117.435647,1.140000
485,102.718269,103.838269,102.978269,102.928269,103.028269,-7.000000,839.271365,118.423482,1.120000
486,103.030023,104.170023,103.250023,103.200023,103.300023,-8.000000,943.441388,117.441205,1.140000
487,103.202732,104.362732,103.382732,103.332732,103.432732,-7.000000,840.238656,116.559533,1.160000
488,103.420247,104.560247,103.640247,103.590247,103.690247,-6.000000,736.818410,114.976929,1.140000
489,103.610888,104.730888,103.870888,103.820888,103.920888,-7.000000,841.549298,114.453079,1.120000
490,103.363087,104.503087,103.583087,103.533087,103.633087,-8.000000,946.052385,117.387688,1.140000
491,103.304421,104.464421,103.484421,103.434421,103.534421,-7.000000,842.747964,118.357015,1.160000
492,103.352586,104.492586,103.572586,103.522586,103.622586,-6.000000,739.395378,117.959864,1.140000
493,103.329859,104.449859,103.589859,103.539859,103.639859,-7.000000,843.845237,118.716227,1.120000
494,103.445431,104.585431,103.665431,103.615431,103.715431,-7.000000,843.845237,118.187221,1.140000
495,103.122349,104.262349,103.342349,103.292349,103.392349,-7.000000,843.845237,120.448794,1.140000
496,103.286567,104.426567,103.506567,103.456567,103.556567,-7.000000,843.845237,119.299271,1.140000
497,103.262385,104.402385,103.482385,103.432385,103.532385,-6.000000,740.582851,119.688540,1.140000
498,103.036784,104.156784,103.296784,103.246784,103.346784,-5.000000,637.546067,121.062147,1.120000
499,103.091171,104.191171,103.391171,103.341171,103.441171,-6.000000,741.737239,121.390210,1.100000
500,102.999005,104.119005,103.259005,103.209005,103.309005,-7.000000,845.856244,123.043207,1.120000
501,103.281399,104.421399,103.501399,103.451399,103.551399,-6.000000,742.574845,121.566451,1.140000
502,103.251562,104.371562,103.511562,103.461562,103.561562,-7.000000,846.946407,122.365472,1.120000
503,103.351579,104.491579,103.571579,103.521579,103.621579,-8.000000,951.437986,122.865352,1.140000
504,103.281677,104.441677,103.461677,103.411677,103.511677,-9.000000,1055.879663,124.724573,1.160000
505,103.397491,104.577491,103.537491,103.487491,103.587491,-8.000000,952.482172,124.182246,1.180000
506,103.342064,104.502064,103.522064,103.472064,103.572064,-9.000000,1056.984236,125.285660,1.160000
507,103.378045,104.558045,103.518045,103.468045,103.568045,-9.000000,1056.984236,125.321832,1.180000
508,103.317740,104.497740,103.457740,103.407740,103.507740,-9.000000,1056.984236,125.864579,1.180000
509,103.359594,104.539594,103.499594,103.449594,103.549594,-9.000000,1056.984236,125.487888,1.180000
510,103.452299,104.632299,103.592299,103.542299,103.642299,-9.000000,1056.984236,124.653549,1.180000
511,103.473454,104.653454,103.613454,103.563454,103.663454,-9.000000,1056.984236,124.463150,1.180000
512,103.195813,104.375813,103.335813,103.285813,103.385813,-10.000000,1161.360049,128.001919,1.180000
513,103.377333,104.577333,103.477333,103.427333,103.527333,-11.000000,1265.937382,127.686723,1.200000
514,103.225538,104.750538,103.438038,103.388038,103.488038,-12.000000,1370.687920,129.431468,1.525000
515,103.186886,104.736886,103.361886,103.311886,103.411886,-12.000000,1370.687920,130.345292,1.550000
516,103.170157,104.720157,103.345157,103.295157,103.395157,-12.000000,1370.687920,130.546031,1.550000
517,103.285329,104.835329,103.460329,103.410329,103.510329,-12.000000,1370.687920,129.163966,1.550000
518,103.403814,104.953814,103.578814,103.528814,103.628814,-11.000000,1267.284105,127.917146,1.550000
519,103.307601,104.832601,103.520101,103.470101,103.570101,-11.000000,1267.284105,128.562998,1.525000
520,103.473990,104.998990,103.686490,103.636490,103.736490,-11.000000,1267.284105,126.732719,1.525000
521,103.254684,104.779684,103.467184,103.417184,103.517184,-11.000000,1267.284105,129.145078,1.525000
522,103.385909,104.910909,103.598409,103.548409,103.648409,-11.000000,1267.284105,127.701601,1.525000
523,103.062362,104.587362,103.274862,103.224862,103.324862,-10.000000,1164.221743,131.473119,1.525000
524,103.181116,104.381116,103.281116,103.231116,103.331116,-11.000000,1268.602859,132.510586,1.200000
525,103.033756,104.558756,103.246256,103.196256,103.296256,-11.000000,1268.602859,132.894044,1.525000
526,103.505051,105.030051,103.717551,103.667551,103.767551,-11.000000,1268.602859,127.709799,1.525000
527,103.510005,105.035005,103.722505,103.672505,103.772505,-11.000000,1268.602859,127.655304,1.525000
528,103.265404,104.790404,103.477904,103.427904,103.527904,-10.000000,1165.337455,130.558415,1.525000
529,103.403550,104.603550,103.503550,103.453550,103.553550,-11.000000,1269.941004,131.401959,1.200000
530,103.317962,104.842962,103.530462,103.480462,103.580462,-11.000000,1269.941004,131.105921,1.525000
531,103.591079,105.116079,103.803579,103.753579,103.853579,-12.000000,1375.057083,129.414133,1.525000
532,103.450575,105.000575,103.625575,103.575575,103.675575,-11.000000,1271.606509,131.725188,1.550000
533,103.642684,105.167684,103.855184,103.805184,103.905184,-10.000000,1167.963824,129.411980,1.525000
534,103.824439,105.024439,103.924439,103.874439,103.974439,-10.000000,1167.963824,128.719434,1.200000
535,104.176496,105.376496,104.276496,104.226496,104.326496,-10.000000,1167.963824,125.198863,1.200000
536,104.544863,105.744863,104.644863,104.594863,104.694863,-11.000000,1273.708687,122.615199,1.200000
537,104.579197,106.104197,104.791697,104.741697,104.841697,-12.000000,1379.812883,122.312524,1.525000
538,104.630412,106.180412,104.805412,104.755412,104.855412,-13.000000,1485.993295,123.522943,1.550000
539,104.865072,106.440072,105.002572,104.952572,105.052572,-13.000000,1485.993295,120.959858,1.575000
540,104.777887,106.352887,104.915387,104.865387,104.965387,-13.000000,1485.993295,122.093267,1.575000
541,104.643560,106.218560,104.781060,104.731060,104.831060,-14.000000,1592.211856,125.277010,1.575000
542,104.557667,106.157667,104.657667,104.607667,104.707667,-14.000000,1592.211856,127.004515,1.600000
543,104.535116,106.135116,104.635116,104.585116,104.685116,-15.000000,1698.346971,128.820233,1.600000
544,104.609741,106.234741,104.672241,104.622241,104.722241,-15.000000,1698.346971,128.263363,1.625000
545,104.947309,106.572309,105.009809,104.959809,105.059809,-15.000000,1698.346971,123.199840,1.625000
546,104.788400,106.413400,104.850900,104.800900,104.900900,-16.000000,1804.760371,127.145972,1.625000
547,104.897533,106.547533,104.922533,104.872533,104.972533,-16.000000,1804.760371,125.999843,1.650000
548,104.654801,106.304801,104.679801,104.629801,104.729801,-17.000000,1911.065173,131.508549,1.650000
549,104.748562,106.423562,104.736062,104.686062,104.786062,-17.000000,1911.065173,130.552116,1.675000
550,104.902888,106.577888,104.890388,104.840388,104.940388,-17.000000,1911.065173,127.928578,1.675000
551,104.988357,106.663357,104.975857,104.925857,105.025857,-16.000000,1806.076816,126.463104,1.675000
552,104.883785,106.533785,104.908785,104.858785,104.958785,-16.000000,1806.076816,127.536256,1.650000
553,104.795876,106.445876,104.820876,104.770876,104.870876,-17.000000,1912.522692,130.567793,1.650000
554,104.751253,106.426253,104.738753,104.688753,104.788753,-16.000000,1807.771439,131.951393,1.675000
555,104.573086,106.223086,104.598086,104.548086,104.648086,-16.000000,1807.771439,134.202065,1.650000
556,104.683223,106.333223,104.708223,104.658223,104.758223,-15.000000,1703.088217,132.464878,1.650000
557,104.442898,106.067898,104.505398,104.455398,104.555398,-16.000000,1809.156115,137.069748,1.625000
558,104.387726,106.037726,104.412726,104.362726,104.462726,-17.000000,1915.193841,140.177499,1.650000
559,104.709700,106.384700,104.697200,104.647200,104.747200,-16.000000,1810.484140,135.328938,1.675000
560,104.730694,106.380694,104.755694,104.705694,104.805694,-17.000000,1916.864835,136.018033,1.650000
561,104.948804,106.623804,104.936304,104.886304,104.986304,-17.000000,1916.864835,132.947659,1.675000
562,105.070235,106.745235,105.057735,105.007735,105.107735,-17.000000,1916.864835,130.883334,1.675000
563,104.873739,106.548739,104.861239,104.811239,104.911239,-16.000000,1811.991096,134.211276,1.675000
564,105.010527,106.660527,105.035527,104.985527,105.085527,-17.000000,1918.651623,133.047659,1.650000
565,104.815298,106.490298,104.802798,104.752798,104.852798,-17.000000,1918.651623,137.004062,1.675000
566,104.844723,106.519723,104.832223,104.782223,104.882223,-18.000000,2025.171346,138.191335,1.675000
567,104.791940,106.491940,104.741940,104.691940,104.791940,-18.000000,2025.171346,139.816431,1.700000
568,104.754963,106.454963,104.704963,104.654963,104.754963,-17.000000,1920.416383,140.432004,1.700000
569,104.486758,106.161758,104.474258,104.424258,104.524258,-16.000000,1815.929625,144.341495,1.675000
570,104.447416,106.097416,104.472416,104.422416,104.522416,-17.000000,1922.027041,145.995963,1.650000
571,104.501926,106.176926,104.489426,104.439426,104.539426,-18.000000,2028.203967,147.394292,1.675000
572,104.736108,106.436108,104.686108,104.636108,104.736108,-17.000000,1923.467859,143.804025,1.700000
573,104.802769,106.477769,104.790269,104.740269,104.840269,-18.000000,2029.945628,143.720789,1.675000
574,104.837266,106.537266,104.787266,104.737266,104.837266,-17.000000,1925.108362,143.724840,1.700000
575,104.857308,106.532308,104.844808,104.794808,104.894808,-17.000000,1925.108362,142.746629,1.675000
576,104.744313,106.419313,104.731813,104.681813,104.781813,-17.000000,1925.108362,144.667539,1.675000
577,104.862710,106.537710,104.850210,104.800210,104.900210,-16.000000,1820.245652,142.642285,1.675000
578,104.888987,106.538987,104.913987,104.863987,104.963987,-16.000000,1820.245652,141.621856,1.650000
579,104.939336,106.589336,104.964336,104.914336,105.014336,-15.000000,1715.306316,140.841276,1.650000
580,104.799531,106.424531,104.862031,104.812031,104.912031,-14.000000,1610.506785,142.438354,1.625000
581,104.585857,106.185857,104.685857,104.635857,104.735857,-15.000000,1716.692642,146.404783,1.600000
582,104.540748,106.165748,104.603248,104.553248,104.653248,-15.000000,1716.692642,147.643918,1.625000
583,104.662727,106.287727,104.725227,104.675227,104.775227,-15.000000,1716.692642,145.814231,1.625000
584,104.730079,106.355079,104.792579,104.742579,104.842579,-15.000000,1716.692642,144.803956,1.625000
585,104.650503,106.275503,104.713003,104.663003,104.763003,-15.000000,1716.692642,145.997598,1.625000
586,104.654421,106.279421,104.716921,104.666921,104.766921,-16.000000,1822.972064,147.501323,1.625000
587,104.321640,105.971640,104.346640,104.296640,104.396640,-16.000000,1822.972064,153.425826,1.650000
588,104.377599,106.027599,104.402599,104.352599,104.452599,-16.000000,1822.972064,152.530485,1.650000
589,104.677891,106.327891,104.702891,104.652891,104.752891,-15.000000,1718.294173,147.750815,1.650000
590,104.558452,106.183452,104.620952,104.570952,104.670952,-14.000000,1613.735721,149.042400,1.625000
591,104.668112,106.268112,104.768112,104.718112,104.818112,-15.000000,1720.003833,148.482156,1.600000
592,104.812453,106.437453,104.874953,104.824953,104.924953,-15.000000,1720.003833,146.879545,1.625000
593,104.830486,106.455486,104.892986,104.842986,104.942986,-14.000000,1615.173347,146.671537,1.625000
594,104.639474,106.239474,104.739474,104.689474,104.789474,-14.000000,1615.173347,148.820718,1.600000
595,104.684732,106.284732,104.784732,104.734732,104.834732,-14.000000,1615.173347,148.187100,1.600000
596,104.727770,106.327770,104.827770,104.777770,104.877770,-14.000000,1615.173347,147.584574,1.600000
597,104.710426,106.310426,104.810426,104.760426,104.860426,-14.000000,1615.173347,147.827380,1.600000
598,104.701348,106.301348,104.801348,104.751348,104.851348,-13.000000,1510.471999,148.054473,1.600000
599,104.506094,106.081094,104.643594,104.593594,104.693594,-14.000000,1616.553093,151.542778,1.575000
600,104.579874,106.179874,104.679874,104.629874,104.729874,-14.000000,1616.553093,151.034858,1.600000
601,104.434445,106.034445,104.534445,104.484445,104.584445,-14.000000,1616.553093,153.070858,1.600000
602,104.543310,106.143310,104.643310,104.593310,104.693310,-13.000000,1512.009782,151.646748,1.600000
603,104.436967,106.011967,104.574467,104.524467,104.624467,-13.000000,1512.009782,152.541714,1.575000
604,104.240125,105.815125,104.377625,104.327625,104.427625,-13.000000,1512.009782,155.100659,1.575000
605,104.005727,105.580727,104.143227,104.093227,104.193227,-12.000000,1408.004056,158.285336,1.575000
606,104.214150,105.764150,104.389150,104.339150,104.439150,-12.000000,1408.004056,155.334256,1.550000
607,104.199256,105.749256,104.374256,104.324256,104.424256,-11.000000,1303.804800,155.687983,1.550000
608,104.055387,105.580387,104.267887,104.217887,104.317887,-12.000000,1409.385187,158.170542,1.525000
609,104.221056,105.771056,104.396056,104.346056,104.446056,-12.000000,1409.385187,156.632512,1.550000
610,104.029901,105.579901,104.204901,104.154901,104.254901,-11.000000,1305.355286,159.101376,1.550000
611,104.086312,105.611312,104.298812,104.248812,104.348812,-12.000000,1410.966598,159.380850,1.525000
612,104.194403,105.744403,104.369403,104.319403,104.419403,-12.000000,1410.966598,158.533765,1.550000
613,104.303920,105.853920,104.478920,104.428920,104.528920,-13.000000,1516.820518,158.594561,1.550000
614,104.398474,105.973474,104.535974,104.485974,104.585974,-12.000000,1412.422044,157.990362,1.575000
615,104.034900,105.584900,104.209900,104.159900,104.259900,-13.000000,1518.006945,163.278240,1.550000
616,103.987321,105.562321,104.124821,104.074821,104.174821,-14.000000,1623.569266,165.821766,1.575000
617,103.966409,105.566409,104.066409,104.016409,104.116409,-14.000000,1623.569266,166.639543,1.600000
618,103.817390,105.417390,103.917390,103.867390,103.967390,-14.000000,1623.569266,168.725801,1.600000
619,103.904300,105.504300,104.004300,103.954300,104.054300,-15.000000,1729.073566,169.009063,1.600000
620,103.762634,105.387634,103.825134,103.775134,103.875134,-14.000000,1625.310932,171.759052,1.625000
621,103.802061,105.402061,103.902061,103.852061,103.952061,-13.000000,1521.508871,170.782081,1.600000
622,103.763043,105.338043,103.900543,103.850543,103.950543,-12.000000,1417.745828,170.939307,1.575000
623,104.058307,105.608307,104.233307,104.183307,104.283307,-13.000000,1523.354135,168.321148,1.550000
624,104.205658,105.780658,104.343158,104.293158,104.393158,-13.000000,1523.354135,166.893075,1.575000
625,104.019914,105.594914,104.157414,104.107414,104.207414,-13.000000,1523.354135,169.307752,1.575000
626,103.973850,105.548850,104.111350,104.061350,104.161350,-13.000000,1523.354135,169.906587,1.575000
627,104.127773,105.702773,104.265273,104.215273,104.315273,-12.000000,1419.226362,168.043086,1.575000
628,104.160030,105.710030,104.335030,104.285030,104.385030,-12.000000,1419.226362,167.206004,1.550000
629,104.185028,105.735028,104.360028,104.310028,104.410028,-11.000000,1315.041334,167.081029,1.550000
630,104.134382,105.659382,104.346882,104.296882,104.396882,-11.000000,1315.041334,167.225632,1.525000
631,104.157290,105.682290,104.369790,104.319790,104.419790,-11.000000,1315.041334,166.973648,1.525000
632,103.792533,105.317533,104.005033,103.955033,104.055033,-10.000000,1211.248801,171.198475,1.525000
633,103.890436,105.090436,103.990436,103.940436,104.040436,-10.000000,1211.248801,171.344438,1.200000
634,104.042066,105.242066,104.142066,104.092066,104.192066,-11.000000,1316.490867,170.928144,1.200000
635,103.909988,105.434988,104.122488,104.072488,104.172488,-10.000000,1212.580879,171.355994,1.525000
636,104.186449,105.386449,104.286449,104.236449,104.336449,-9.000000,1108.394430,169.816391,1.200000
637,104.232754,105.412754,104.372754,104.322754,104.422754,-8.000000,1004.161676,169.179642,1.180000
638,104.228119,105.388119,104.408119,104.358119,104.458119,-8.000000,1004.161676,168.896728,1.160000
639,104.225381,105.385381,104.405381,104.355381,104.455381,-8.000000,1004.161676,168.918628,1.160000
640,104.133748,105.293748,104.313748,104.263748,104.363748,-9.000000,1109.455423,170.631695,1.160000
641,104.352927,105.532927,104.492927,104.442927,104.542927,-9.000000,1109.455423,169.019077,1.180000
642,104.334036,105.514036,104.474036,104.424036,104.524036,-10.000000,1214.969460,170.229095,1.180000
643,104.266414,105.466414,104.366414,104.316414,104.416414,-10.000000,1214.969460,171.305323,1.200000
644,104.163875,105.363875,104.263875,104.213875,104.313875,-10.000000,1214.969460,172.330713,1.200000
645,104.270305,105.470305,104.370305,104.320305,104.420305,-10.000000,1214.969460,171.266413,1.200000
646,104.238604,105.438604,104.338604,104.288604,104.388604,-10.000000,1214.969460,171.583417,1.200000
647,104.220994,105.420994,104.320994,104.270994,104.370994,-11.000000,1320.390454,172.859518,1.200000
648,103.991341,105.516341,104.203841,104.153841,104.253841,-10.000000,1216.399113,174.360702,1.525000
649,104.048265,105.248265,104.148265,104.098265,104.198265,-11.000000,1321.647378,176.016461,1.200000
650,104.290310,105.815310,104.502810,104.452810,104.552810,-10.000000,1217.357068,172.328966,1.525000
651,104.466014,105.666014,104.566014,104.516014,104.616014,-11.000000,1323.023082,172.796927,1.200000
652,104.317734,105.842734,104.530234,104.480234,104.580234,-11.000000,1323.023082,173.190507,1.525000
653,104.200882,105.725882,104.413382,104.363382,104.463382,-10.000000,1218.822200,174.688380,1.525000
654,104.360638,105.560638,104.460638,104.410638,104.510638,-10.000000,1218.822200,174.215819,1.200000
655,104.335681,105.535681,104.435681,104.385681,104.485681,-9.000000,1114.486519,174.565394,1.200000
656,104.407609,105.587609,104.547609,104.497609,104.597609,-10.000000,1220.074128,174.598041,1.180000
657,104.393580,105.593580,104.493580,104.443580,104.543580,-10.000000,1220.074128,175.138332,1.200000
658,104.449454,105.649454,104.549454,104.499454,104.599454,-9.000000,1115.624674,174.679588,1.200000
659,104.649322,105.829322,104.789322,104.739322,104.839322,-10.000000,1221.453996,173.560773,1.180000
660,104.733501,105.933501,104.833501,104.783501,104.883501,-10.000000,1221.453996,173.118986,1.200000
661,104.475877,105.675877,104.575877,104.525877,104.625877,-11.000000,1327.129873,176.795229,1.200000
662,104.183962,105.708962,104.396462,104.346462,104.446462,-10.000000,1222.945911,178.981290,1.525000
663,104.290501,105.490501,104.390501,104.340501,104.440501,-10.000000,1222.945911,179.040898,1.200000
664,104.389503,105.589503,104.489503,104.439503,104.539503,-9.000000,1118.556408,178.150882,1.200000
665,104.564790,105.744790,104.704790,104.654790,104.754790,-10.000000,1224.301198,177.253299,1.180000
666,104.577998,105.777998,104.677998,104.627998,104.727998,-11.000000,1330.079196,178.621214,1.200000
667,104.618130,106.143130,104.830630,104.780630,104.880630,-11.000000,1330.079196,176.942271,1.525000
668,104.698999,106.223999,104.911499,104.861499,104.961499,-10.000000,1225.380197,176.265203,1.525000
669,104.862744,106.062744,104.962744,104.912744,105.012744,-10.000000,1225.380197,175.752759,1.200000
670,104.668713,105.868713,104.768713,104.718713,104.818713,-10.000000,1225.380197,177.693063,1.200000
671,104.830406,106.030406,104.930406,104.880406,104.980406,-10.000000,1225.380197,176.076132,1.200000
672,105.062085,106.262085,105.162085,105.112085,105.212085,-11.000000,1331.642282,174.859343,1.200000
673,105.091364,106.616364,105.303864,105.253864,105.353864,-12.000000,1438.258647,174.612273,1.525000
674,105.175738,106.725738,105.350738,105.300738,105.400738,-13.000000,1544.984385,175.424788,1.550000
675,105.261138,106.836138,105.398638,105.348638,105.448638,-13.000000,1544.984385,174.802089,1.575000
676,105.430093,107.005093,105.567593,105.517593,105.617593,-13.000000,1544.984385,172.605673,1.575000
677,105.547698,107.122698,105.685198,105.635198,105.735198,-14.000000,1652.107083,172.514309,1.575000
678,105.542060,107.142060,105.642060,105.592060,105.692060,-14.000000,1652.107083,173.118250,1.600000
679,105.400821,107.000821,105.500821,105.450821,105.550821,-14.000000,1652.107083,175.095588,1.600000
680,105.332101,106.932101,105.432101,105.382101,105.482101,-14.000000,1652.107083,176.057676,1.600000
681,105.278443,106.878443,105.378443,105.328443,105.428443,-13.000000,1546.828640,176.908882,1.600000
682,105.178514,106.753514,105.316014,105.266014,105.366014,-14.000000,1653.582154,179.157960,1.575000
683,105.038897,106.638897,105.138897,105.088897,105.188897,-15.000000,1760.221051,183.137602,1.600000
684,105.043436,106.668436,105.105936,105.055936,105.155936,-15.000000,1760.221051,183.632018,1.625000
685,104.995912,106.620912,105.058412,105.008412,105.108412,-14.000000,1655.225138,184.407367,1.625000
686,105.199330,106.799330,105.299330,105.249330,105.349330,-13.000000,1550.025808,181.134516,1.600000
687,105.396199,106.971199,105.533699,105.483699,105.583699,-13.000000,1550.025808,178.087720,1.575000
688,105.464463,107.039463,105.601963,105.551963,105.651963,-13.000000,1550.025808,177.200289,1.575000
689,105.341849,106.916849,105.479349,105.429349,105.529349,-13.000000,1550.025808,178.794268,1.575000
690,105.424840,106.999840,105.562340,105.512340,105.612340,-12.000000,1444.600968,177.852886,1.575000
691,105.313276,106.863276,105.488276,105.438276,105.538276,-13.000000,1551.464244,180.116654,1.550000
692,105.255025,106.830025,105.392525,105.342525,105.442525,-14.000000,1658.294269,182.798925,1.575000
693,105.095819,106.695819,105.195819,105.145819,105.245819,-14.000000,1658.294269,185.552808,1.600000
694,104.959750,106.559750,105.059750,105.009750,105.109750,-15.000000,1764.854018,188.957773,1.600000
695,105.155748,106.780748,105.218248,105.168248,105.268248,-14.000000,1659.698270,186.642799,1.625000
696,105.245762,106.845762,105.345762,105.295762,105.395762,-14.000000,1659.698270,184.857601,1.600000
697,105.377119,106.977119,105.477119,105.427119,105.527119,-15.000000,1766.675390,184.518598,1.600000
698,105.522318,107.147318,105.584818,105.534818,105.634818,-15.000000,1766.675390,182.903120,1.625000
699,105.773650,107.398650,105.836150,105.786150,105.886150,-15.000000,1766.675390,179.133138,1.625000
700,105.686138,107.311138,105.748638,105.698638,105.798638,-14.000000,1660.989252,180.508316,1.625000
701,105.453503,107.053503,105.553503,105.503503,105.603503,-15.000000,1768.042755,184.740210,1.600000
702,105.627385,107.252385,105.689885,105.639885,105.739885,-16.000000,1875.295140,184.256973,1.625000
703,105.879090,107.529090,105.904090,105.854090,105.954090,-16.000000,1875.295140,180.829698,1.650000
704,105.837956,107.487956,105.862956,105.812956,105.912956,-16.000000,1875.295140,181.487846,1.650000
705,105.688059,107.338059,105.713059,105.663059,105.763059,-15.000000,1769.607081,183.911196,1.650000
706,105.783509,107.408509,105.846009,105.796009,105.896009,-15.000000,1769.607081,181.916953,1.625000
707,105.679609,107.304609,105.742109,105.692109,105.792109,-14.000000,1663.927472,183.537942,1.625000
708,105.570079,107.170079,105.670079,105.620079,105.720079,-15.000000,1771.097551,186.046367,1.600000
709,105.714692,107.339692,105.777192,105.727192,105.827192,-16.000000,1878.437243,186.002173,1.625000
710,105.460009,107.110009,105.485009,105.435009,105.535009,-17.000000,1985.547251,192.302101,1.650000
711,105.615067,107.290067,105.602567,105.552567,105.652567,-16.000000,1879.932185,190.291118,1.675000
712,105.630260,107.280260,105.655260,105.605260,105.705260,-17.000000,1987.212445,191.073025,1.650000
713,105.921244,107.596244,105.908744,105.858744,105.958744,-18.000000,2094.808689,188.451297,1.675000
714,106.040114,107.740114,105.990114,105.940114,106.040114,-19.000000,2202.548802,188.736644,1.700000
715,106.265767,107.990767,106.178267,106.128267,106.228267,-20.000000,2310.539569,186.974227,1.725000
716,106.219675,107.969675,106.094675,106.044675,106.144675,-21.000000,2418.509244,190.521071,1.750000
717,106.097570,107.872570,105.935070,105.885070,105.985070,-21.000000,2418.509244,193.872778,1.775000
718,106.006468,107.781468,105.843968,105.793968,105.893968,-22.000000,2526.290712,197.723417,1.775000
719,106.288366,108.088366,106.088366,106.038366,106.138366,-23.000000,2634.379079,194.346650,1.800000
720,106.252070,108.077070,106.014570,105.964570,106.064570,-24.000000,2742.456149,198.106458,1.825000
721,106.080076,107.930076,105.805076,105.755076,105.855076,-25.000000,2850.386225,205.259322,1.850000
722,106.200274,108.075274,105.887774,105.837774,105.937774,-24.000000,2744.185951,202.879373,1.875000
723,106.097493,107.947493,105.822493,105.772493,105.872493,-24.000000,2744.185951,204.446109,1.850000
724,106.067366,107.917366,105.792366,105.742366,105.842366,-24.000000,2744.185951,205.169174,1.850000
725,106.046111,107.896111,105.771111,105.721111,105.821111,-25.000000,2852.082063,207.804278,1.850000
726,106.225285,108.100285,105.912785,105.862785,105.962785,-24.000000,2745.856778,203.949937,1.875000
727,106.084401,107.934401,105.809401,105.759401,105.859401,-24.000000,2745.856778,206.431162,1.850000
728,106.082360,107.932360,105.807360,105.757360,105.857360,-25.000000,2853.789138,208.605132,1.850000
729,106.338464,108.213464,106.025964,105.975964,106.075964,-26.000000,2962.002602,205.327537,1.875000
730,106.429608,108.329608,106.079608,106.029608,106.129608,-25.000000,2855.572994,203.582803,1.900000
731,106.266510,108.141510,105.954010,105.904010,106.004010,-25.000000,2855.572994,206.722749,1.875000
732,106.503899,108.378899,106.191399,106.141399,106.241399,-25.000000,2855.572994,200.788022,1.875000
733,106.560879,108.435879,106.248379,106.198379,106.298379,-25.000000,2855.572994,199.363517,1.875000
734,106.520609,108.395609,106.208109,106.158109,106.258109,-24.000000,2749.052385,200.057774,1.875000
735,106.378568,108.228568,106.103568,106.053568,106.153568,-24.000000,2749.052385,202.566757,1.850000
736,106.258063,108.108063,105.983063,105.933063,106.033063,-23.000000,2642.794322,205.183866,1.850000
737,105.901067,107.726067,105.663567,105.613567,105.713567,-22.000000,2536.893255,212.294786,1.825000
738,106.054161,107.854161,105.854161,105.804161,105.904161,-21.000000,2430.839094,207.901704,1.800000
739,105.910566,107.685566,105.748066,105.698066,105.798066,-21.000000,2430.839094,210.129716,1.775000
740,105.496626,107.271626,105.334126,105.284126,105.384126,-21.000000,2430.839094,218.822447,1.775000
741,105.656132,107.431132,105.493632,105.443632,105.543632,-22.000000,2538.270226,217.410316,1.775000
742,105.811967,107.611967,105.611967,105.561967,105.661967,-23.000000,2645.882193,216.806948,1.800000
743,105.808680,107.633680,105.571180,105.521180,105.621180,-23.000000,2645.882193,217.745045,1.825000
744,105.794565,107.619565,105.557065,105.507065,105.607065,-23.000000,2645.882193,218.069699,1.825000
745,105.746244,107.571244,105.508744,105.458744,105.558744,-23.000000,2645.882193,219.181081,1.825000
746,105.896769,107.721769,105.659269,105.609269,105.709269,-23.000000,2645.882193,215.719011,1.825000
747,105.802581,107.627581,105.565081,105.515081,105.615081,-23.000000,2645.882193,217.885323,1.825000
748,105.853599,107.678599,105.616099,105.566099,105.666099,-24.000000,2753.560792,218.774417,1.825000
749,105.809729,107.659729,105.534729,105.484729,105.584729,-23.000000,2647.751064,220.452302,1.850000
750,105.633852,107.458852,105.396352,105.346352,105.446352,-23.000000,2647.751064,223.634971,1.825000
751,105.809911,107.634911,105.572411,105.522411,105.622411,-23.000000,2647.751064,219.585613,1.825000
752,105.680623,107.505623,105.443123,105.393123,105.493123,-23.000000,2647.751064,222.559238,1.825000
753,105.735155,107.560155,105.497655,105.447655,105.547655,-22.000000,2542.015909,221.067505,1.825000
754,105.622339,107.422339,105.422339,105.372339,105.472339,-23.000000,2649.438248,224.724444,1.800000
755,105.743643,107.568643,105.506143,105.456143,105.556143,-22.000000,2543.694605,222.559461,1.825000
756,105.747649,107.547649,105.547649,105.497649,105.597649,-21.000000,2437.946956,221.446321,1.800000
757,105.819970,107.594970,105.657470,105.607470,105.707470,-21.000000,2437.946956,219.140078,1.775000
758,105.830437,107.605437,105.667937,105.617937,105.717937,-20.000000,2332.116519,218.757773,1.775000
759,105.949240,107.699240,105.824240,105.774240,105.874240,-21.000000,2439.815759,217.506715,1.750000
760,106.115304,107.890304,105.952804,105.902804,106.002804,-21.000000,2439.815759,214.806875,1.775000
761,106.089969,107.864969,105.927469,105.877469,105.977469,-22.000000,2547.680728,217.276412,1.775000
762,106.419050,108.219050,106.219050,106.169050,106.269050,-22.000000,2547.680728,210.861619,1.800000
763,106.175614,107.975614,105.975614,105.925614,106.025614,-22.000000,2547.680728,216.217225,1.800000
764,106.104063,107.904063,105.904063,105.854063,105.954063,-23.000000,2655.584791,219.791333,1.800000
765,106.241531,108.066531,106.004031,105.954031,106.054031,-22.000000,2549.343260,217.254580,1.825000
766,106.274465,108.074465,106.074465,106.024465,106.124465,-22.000000,2549.343260,215.705034,1.800000
767,106.123481,107.923481,105.923481,105.873481,105.973481,-21.000000,2443.219780,218.826686,1.800000
768,106.216158,107.991158,106.053658,106.003658,106.103658,-20.000000,2337.003622,215.930468,1.775000
769,106.121945,107.871945,105.996945,105.946945,106.046945,-21.000000,2444.875567,218.939726,1.750000
770,106.378138,108.153138,106.215638,106.165638,106.265638,-21.000000,2444.875567,214.347167,1.775000
771,106.300788,108.075788,106.138288,106.088288,106.188288,-22.000000,2552.951355,217.909009,1.775000
772,106.467177,108.267177,106.267177,106.217177,106.317177,-21.000000,2446.484178,214.873460,1.800000
773,106.481604,108.256604,106.319104,106.269104,106.369104,-20.000000,2340.002574,213.620500,1.775000
774,106.358259,108.108259,106.233259,106.183259,106.283259,-19.000000,2233.644315,215.212391,1.750000
775,106.122608,107.847608,106.035108,105.985108,106.085108,-19.000000,2233.644315,218.977260,1.725000
776,106.065961,107.790961,105.978461,105.928461,106.028461,-18.000000,2127.578355,219.966065,1.725000
777,106.026001,107.726001,105.976001,105.926001,106.026001,-18.000000,2127.578355,220.010341,1.700000
778,106.084237,107.784237,106.034237,105.984237,106.084237,-18.000000,2127.578355,218.962086,1.700000
779,105.979774,107.679774,105.929774,105.879774,105.979774,-18.000000,2127.578355,220.842420,1.700000
780,106.106286,107.806286,106.056286,106.006286,106.106286,-18.000000,2127.578355,218.565201,1.700000
781,106.180568,107.880568,106.130568,106.080568,106.180568,-18.000000,2127.578355,217.228126,1.700000
782,106.486830,108.186830,106.436830,106.386830,106.486830,-19.000000,2235.765185,213.465412,1.700000
783,106.665677,108.390677,106.578177,106.528177,106.628177,-18.000000,2129.099508,210.692322,1.725000
784,106.373146,108.073146,106.323146,106.273146,106.373146,-18.000000,2129.099508,215.282876,1.700000
785,106.452392,108.152392,106.402392,106.352392,106.452392,-17.000000,2022.647116,213.806457,1.700000
786,106.513233,108.188233,106.500733,106.450733,106.550733,-18.000000,2130.835349,213.822151,1.675000
787,106.779892,108.479892,106.729892,106.679892,106.779892,-18.000000,2130.835349,209.697297,1.700000
788,106.600176,108.300176,106.550176,106.500176,106.600176,-18.000000,2130.835349,212.932178,1.700000
789,106.409202,108.109202,106.359202,106.309202,106.409202,-18.000000,2130.835349,216.369709,1.700000
790,106.594997,108.294997,106.544997,106.494997,106.594997,-17.000000,2024.240352,212.975403,1.700000
791,106.574704,108.249704,106.562204,106.512204,106.612204,-18.000000,2132.490056,214.370391,1.675000
792,106.891306,108.591306,106.841306,106.791306,106.891306,-17.000000,2025.598750,209.296543,1.700000
793,106.982703,108.657703,106.970203,106.920203,107.020203,-18.000000,2134.256452,208.792802,1.675000
794,106.943206,108.643206,106.893206,106.843206,106.943206,-18.000000,2134.256452,210.178742,1.700000
795,106.947364,108.647364,106.897364,106.847364,106.947364,-19.000000,2242.903817,211.853894,1.700000
796,106.816801,108.541801,106.729301,106.679301,106.779301,-18.000000,2136.087016,214.959598,1.725000
797,106.762810,108.462810,106.712810,106.662810,106.762810,-19.000000,2244.549826,217.006430,1.700000
798,107.015136,108.740136,106.927636,106.877636,106.977636,-19.000000,2244.549826,212.924745,1.725000
799,106.974407,108.699407,106.886907,106.836907,106.936907,-19.000000,2244.549826,213.698590,1.725000
800,106.919996,108.644996,106.832496,106.782496,106.882496,-19.000000,2244.549826,214.732393,1.725000
801,106.844607,108.569607,106.757107,106.707107,106.807107,-19.000000,2244.549826,216.164802,1.725000
802,106.710207,108.435207,106.622707,106.572707,106.672707,-20.000000,2352.985033,220.530898,1.725000
803,106.608075,108.358075,106.483075,106.433075,106.533075,-19.000000,2246.376958,223.198542,1.750000
804,106.586501,108.311501,106.499001,106.449001,106.549001,-19.000000,2246.376958,222.895932,1.725000
805,106.516069,108.241069,106.428569,106.378569,106.478569,-18.000000,2139.860890,224.146656,1.725000
806,106.266326,107.966326,106.216326,106.166326,106.266326,-18.000000,2139.860890,227.967029,1.700000
807,105.877354,107.577354,105.827354,105.777354,105.877354,-17.000000,2033.983536,234.918523,1.700000
808,106.212524,107.887524,106.200024,106.150024,106.250024,-18.000000,2141.871060,230.270631,1.675000
809,106.144574,107.844574,106.094574,106.044574,106.144574,-19.000000,2249.715634,233.918724,1.700000
810,106.109329,107.834329,106.021829,105.971829,106.071829,-18.000000,2143.606305,235.213380,1.725000
811,106.188146,107.888146,106.138146,106.088146,106.188146,-17.000000,2037.418159,233.069678,1.700000
812,106.063529,107.738529,106.051029,106.001029,106.101029,-17.000000,2037.418159,234.550661,1.675000
813,106.191586,107.866586,106.179086,106.129086,106.229086,-18.000000,2145.284745,234.061193,1.675000
814,106.163712,107.863712,106.113712,106.063712,106.163712,-18.000000,2145.284745,235.237935,1.700000
815,106.174106,107.874106,106.124106,106.074106,106.174106,-17.000000,2039.110639,235.000841,1.700000
816,106.358691,108.033691,106.346191,106.296191,106.396191,-17.000000,2039.110639,231.225392,1.675000
817,106.252288,107.927288,106.239788,106.189788,106.289788,-17.000000,2039.110639,233.034235,1.675000
818,106.378512,108.053512,106.366012,106.316012,106.416012,-18.000000,2147.164152,232.575929,1.675000
819,106.241196,107.941196,106.191196,106.141196,106.241196,-18.000000,2147.164152,235.722624,1.700000
820,106.344375,108.044375,106.294375,106.244375,106.344375,-19.000000,2255.208527,235.615393,1.700000
821,106.444825,108.169825,106.357325,106.307325,106.407325,-19.000000,2255.208527,234.419346,1.725000
822,106.567620,108.292620,106.480120,106.430120,106.530120,-19.000000,2255.208527,232.086249,1.725000
823,106.386869,108.111869,106.299369,106.249369,106.349369,-19.000000,2255.208527,235.520509,1.725000
824,106.415879,108.140879,106.328379,106.278379,106.378379,-20.000000,2363.349406,236.781831,1.725000
825,106.330586,108.080586,106.205586,106.155586,106.255586,-19.000000,2257.018820,239.112681,1.750000
826,106.214142,107.939142,106.126642,106.076642,106.176642,-19.000000,2257.018820,240.612621,1.725000
827,106.440015,108.165015,106.352515,106.302515,106.402515,-19.000000,2257.018820,236.321039,1.725000
828,106.474869,108.199869,106.387369,106.337369,106.437369,-18.000000,2150.543951,235.571312,1.725000
829,106.574408,108.274408,106.524408,106.474408,106.574408,-17.000000,2043.969543,233.054606,1.700000
830,106.604653,108.279653,106.592153,106.542153,106.642153,-17.000000,2043.969543,231.902942,1.675000
831,106.443418,108.118418,106.430918,106.380918,106.480918,-18.000000,2152.087961,236.331435,1.675000
832,106.528460,108.228460,106.478460,106.428460,106.528460,-17.000000,2045.559501,235.425690,1.700000
833,106.776100,108.451100,106.763600,106.713600,106.813600,-18.000000,2154.010601,232.265804,1.675000
834,106.728078,108.428078,106.678078,106.628078,106.728078,-19.000000,2262.438679,235.555198,1.700000
835,106.858351,108.583351,106.770851,106.720851,106.820851,-18.000000,2155.580329,233.705017,1.725000
836,106.776454,108.476454,106.726454,106.676454,106.776454,-19.000000,2264.056783,236.254155,1.700000
837,106.976495,108.701495,106.888995,106.838995,106.938995,-19.000000,2264.056783,233.165877,1.725000
838,106.765041,108.490041,106.677541,106.627541,106.727541,-18.000000,2157.291742,237.096004,1.725000
839,106.797288,108.497288,106.747288,106.697288,106.797288,-18.000000,2157.291742,235.840556,1.700000
840,106.743435,108.443435,106.693435,106.643435,106.743435,-18.000000,2157.291742,236.809917,1.700000
841,106.778254,108.478254,106.728254,106.678254,106.778254,-17.000000,2050.513488,236.133170,1.700000
842,106.729013,108.404013,106.716513,106.666513,106.766513,-18.000000,2158.917501,238.020260,1.675000
843,106.714672,108.414672,106.664672,106.614672,106.714672,-19.000000,2267.332173,240.703406,1.700000
844,106.729002,108.454002,106.641502,106.591502,106.691502,-18.000000,2160.603171,241.056133,1.725000
845,106.756088,108.456088,106.706088,106.656088,106.756088,-17.000000,2053.847083,239.843587,1.700000
846,106.784052,108.459052,106.771552,106.721552,106.821552,-18.000000,2162.306135,240.418202,1.675000
847,107.020503,108.720503,106.970503,106.920503,107.020503,-19.000000,2271.026638,238.587079,1.700000
848,107.285199,109.010199,107.197699,107.147699,107.247699,-18.000000,2163.741439,234.182863,1.725000
849,107.553050,109.253050,107.503050,107.453050,107.553050,-18.000000,2163.741439,228.686532,1.700000
850,107.385838,109.085838,107.335838,107.285838,107.385838,-17.000000,2056.355601,231.646351,1.700000
851,107.362990,109.037990,107.350490,107.300490,107.400490,-17.000000,2056.355601,231.397277,1.675000
852,107.097895,108.772895,107.085395,107.035395,107.135395,-16.000000,1949.257706,235.891386,1.675000
853,106.842749,108.492749,106.867749,106.817749,106.917749,-15.000000,1842.414957,239.398721,1.650000
854,106.743193,108.368193,106.805693,106.755693,106.855693,-14.000000,1735.671764,240.392067,1.625000
855,106.866327,108.466327,106.966327,106.916327,107.016327,-15.000000,1844.138091,239.643187,1.600000
856,106.774519,108.399519,106.837019,106.787019,106.887019,-15.000000,1844.138091,241.582800,1.625000
857,106.788769,108.413769,106.851269,106.801269,106.901269,-14.000000,1737.349322,241.431550,1.625000
858,106.748524,108.348524,106.848524,106.798524,106.898524,-13.000000,1630.600798,241.569987,1.600000
859,106.770611,108.345611,106.908111,106.858111,106.958111,-14.000000,1738.946408,242.232860,1.575000
860,106.967446,108.567446,107.067446,107.017446,107.117446,-14.000000,1738.946408,240.002168,1.600000
861,106.897331,108.497331,106.997331,106.947331,107.047331,-15.000000,1847.443739,242.483780,1.600000
862,106.767628,108.392628,106.830128,106.780128,106.880128,-15.000000,1847.443739,244.991822,1.625000
863,106.879567,108.504567,106.942067,106.892067,106.992067,-14.000000,1740.564172,243.375238,1.625000
864,106.890727,108.490727,106.990727,106.940727,107.040727,-15.000000,1849.054899,244.193998,1.600000
865,106.874540,108.499540,106.937040,106.887040,106.987040,-15.000000,1849.054899,244.999298,1.625000
866,106.717261,108.342261,106.779761,106.729761,106.829761,-15.000000,1849.054899,247.358477,1.625000
867,106.537107,108.162107,106.599607,106.549607,106.649607,-16.000000,1957.217006,251.623295,1.625000
868,106.587324,108.237324,106.612324,106.562324,106.662324,-16.000000,1957.217006,251.419816,1.650000
869,106.574626,108.224626,106.599626,106.549626,106.649626,-16.000000,1957.217006,251.622982,1.650000
870,106.613321,108.263321,106.638321,106.588321,106.688321,-16.000000,1957.217006,251.003873,1.650000
871,106.460387,108.110387,106.485387,106.435387,106.535387,-15.000000,1850.756619,253.475821,1.650000
872,106.321107,107.946107,106.383607,106.333607,106.433607,-15.000000,1850.756619,255.002512,1.625000
873,106.332458,107.957458,106.394958,106.344958,106.444958,-14.000000,1744.424161,254.894749,1.625000
874,106.158553,107.758553,106.258553,106.208553,106.308553,-14.000000,1744.424161,256.804415,1.600000
875,106.162885,107.762885,106.262885,106.212885,106.312885,-13.000000,1638.261277,256.843776,1.600000
876,106.613582,108.188582,106.751082,106.701082,106.801082,-13.000000,1638.261277,250.497214,1.575000
877,106.426913,108.001913,106.564413,106.514413,106.614413,-14.000000,1746.263190,254.361408,1.575000
878,106.431139,108.031139,106.531139,106.481139,106.581139,-14.000000,1746.263190,254.827244,1.600000
879,106.532299,108.132299,106.632299,106.582299,106.682299,-14.000000,1746.263190,253.411002,1.600000
880,106.202358,107.802358,106.302358,106.252358,106.352358,-14.000000,1746.263190,258.030185,1.600000
881,105.945492,107.545492,106.045492,105.995492,106.095492,-14.000000,1746.263190,261.626307,1.600000
882,105.929494,107.529494,106.029494,105.979494,106.079494,-14.000000,1746.263190,261.850275,1.600000
883,106.138058,107.738058,106.238058,106.188058,106.288058,-13.000000,1640.125132,259.030377,1.600000
884,105.892861,107.467861,106.030361,105.980361,106.080361,-12.000000,1534.232271,261.867938,1.575000
885,105.999824,107.549824,106.174824,106.124824,106.224824,-11.000000,1428.232446,260.309378,1.550000
886,106.095143,107.620143,106.307643,106.257643,106.357643,-11.000000,1428.232446,258.848371,1.525000
887,106.213513,107.738513,106.426013,106.376013,106.476013,-12.000000,1535.970960,258.858800,1.525000
888,106.586975,108.136975,106.761975,106.711975,106.811975,-12.000000,1535.970960,254.827262,1.550000
889,106.655985,108.205985,106.830985,106.780985,106.880985,-12.000000,1535.970960,253.999135,1.550000
890,106.838126,108.388126,107.013126,106.963126,107.063126,-13.000000,1644.359085,253.188450,1.550000
891,106.745426,108.320426,106.882926,106.832926,106.932926,-13.000000,1644.359085,254.881050,1.575000
892,106.726867,108.301867,106.864367,106.814367,106.914367,-13.000000,1644.359085,255.122320,1.575000
893,106.673396,108.248396,106.810896,106.760896,106.860896,-12.000000,1537.685690,255.954940,1.575000
894,106.662983,108.212983,106.837983,106.787983,106.887983,-12.000000,1537.685690,255.629890,1.550000
895,106.684769,108.234769,106.859769,106.809769,106.909769,-11.000000,1431.000920,255.543460,1.550000
896,106.503295,108.028295,106.715795,106.665795,106.765795,-11.000000,1431.000920,257.127176,1.525000
897,106.649553,108.174553,106.862053,106.812053,106.912053,-10.000000,1324.351368,255.730842,1.525000
898,107.078469,108.278469,107.178469,107.128469,107.228469,-10.000000,1324.351368,252.566675,1.200000
899,107.196159,108.396159,107.296159,107.246159,107.346159,-10.000000,1324.351368,251.389774,1.200000
900,107.254751,108.454751,107.354751,107.304751,107.404751,-11.000000,1432.806119,251.903855,1.200000
901,107.261191,108.786191,107.473691,107.423691,107.523691,-10.000000,1325.544928,250.808015,1.525000
902,107.440801,108.640801,107.540801,107.490801,107.590801,-10.000000,1325.544928,250.136916,1.200000
903,107.327476,108.527476,107.427476,107.377476,107.477476,-11.000000,1434.072404,252.370171,1.200000
904,106.976086,108.501086,107.188586,107.138586,107.238586,-10.000000,1327.096318,255.210463,1.525000
905,106.974953,108.174953,107.074953,107.024953,107.124953,-11.000000,1435.271271,257.446787,1.200000
906,106.888271,108.413271,107.100771,107.050771,107.150771,-10.000000,1328.383000,257.375287,1.525000
907,107.181165,108.381165,107.281165,107.231165,107.331165,-9.000000,1221.201834,255.671346,1.200000
908,107.035909,108.215909,107.175909,107.125909,107.225909,-9.000000,1221.201834,256.618652,1.180000
909,107.123447,108.303447,107.263447,107.213447,107.313447,-9.000000,1221.201834,255.830807,1.180000
910,107.318558,108.498558,107.458558,107.408558,107.508558,-9.000000,1221.201834,254.074812,1.180000
911,107.290604,108.470604,107.430604,107.380604,107.480604,-9.000000,1221.201834,254.326402,1.180000
912,106.912081,108.092081,107.052081,107.002081,107.102081,-8.000000,1114.289754,257.873110,1.180000
913,107.142179,108.302179,107.322179,107.272179,107.372179,-9.000000,1222.591933,256.692319,1.160000
914,107.077859,108.257859,107.217859,107.167859,107.267859,-10.000000,1330.849792,258.671203,1.180000
915,107.351424,108.551424,107.451424,107.401424,107.501424,-10.000000,1330.849792,256.335555,1.200000
916,107.206780,108.406780,107.306780,107.256780,107.356780,-9.000000,1223.643013,257.881997,1.200000
917,107.307162,108.487162,107.447162,107.397162,107.497162,-10.000000,1332.130174,257.658557,1.180000
918,107.451244,108.651244,107.551244,107.501244,107.601244,-10.000000,1332.130174,256.617739,1.200000
919,107.690655,108.890655,107.790655,107.740655,107.840655,-10.000000,1332.130174,254.223620,1.200000
920,107.379642,108.579642,107.479642,107.429642,107.529642,-10.000000,1332.130174,257.333751,1.200000
921,107.315285,108.515285,107.415285,107.365285,107.465285,-11.000000,1440.645459,259.077329,1.200000
922,107.177367,108.702367,107.389867,107.339867,107.439867,-11.000000,1440.645459,259.356920,1.525000
923,107.199807,108.724807,107.412307,107.362307,107.462307,-11.000000,1440.645459,259.110084,1.525000
924,107.328584,108.853584,107.541084,107.491084,107.591084,-11.000000,1440.645459,257.693538,1.525000
925,107.351293,108.876293,107.563793,107.513793,107.613793,-10.000000,1333.294166,257.656231,1.525000
926,107.491515,108.691515,107.591515,107.541515,107.641515,-9.000000,1225.802650,257.479011,1.200000
927,107.520578,108.700578,107.660578,107.610578,107.710578,-9.000000,1225.802650,256.857445,1.180000
928,107.394218,108.574218,107.534218,107.484218,107.584218,-10.000000,1334.376868,259.034685,1.180000
929,107.495790,108.695790,107.595790,107.545790,107.645790,-9.000000,1226.881079,258.518972,1.200000
930,107.513128,108.693128,107.653128,107.603128,107.703128,-9.000000,1226.881079,258.002928,1.180000
931,107.392531,108.572531,107.532531,107.482531,107.582531,-8.000000,1119.488547,259.228297,1.180000
932,107.352005,108.512005,107.532005,107.482005,107.582005,-9.000000,1228.000553,260.212506,1.160000
933,107.246505,108.426505,107.386505,107.336505,107.436505,-8.000000,1120.754048,261.662012,1.180000
934,107.397109,108.557109,107.577109,107.527109,107.627109,-9.000000,1229.311158,261.117172,1.160000
935,107.531732,108.711732,107.671732,107.621732,107.721732,-10.000000,1338.022889,261.305571,1.180000
936,107.814972,109.014972,107.914972,107.864972,107.964972,-11.000000,1447.037861,259.973170,1.200000
937,107.609228,109.134228,107.821728,107.771728,107.871728,-11.000000,1447.037861,260.998855,1.525000
938,107.781641,109.306641,107.994141,107.944141,108.044141,-11.000000,1447.037861,259.102307,1.525000
939,107.867611,109.392611,108.080111,108.030111,108.130111,-10.000000,1339.170250,258.369139,1.525000
940,108.000856,109.200856,108.100856,108.050856,108.150856,-11.000000,1448.371106,259.261691,1.200000
941,107.837369,109.362369,108.049869,107.999869,108.099869,-10.000000,1340.533737,260.035050,1.525000
942,108.100182,109.300182,108.200182,108.150182,108.250182,-10.000000,1340.533737,258.531922,1.200000
943,108.177761,109.377761,108.277761,108.227761,108.327761,-9.000000,1232.355976,257.856127,1.200000
944,107.975406,109.155406,108.115406,108.065406,108.165406,-9.000000,1232.355976,259.317323,1.180000
945,108.093688,109.273688,108.233688,108.183688,108.283688,-9.000000,1232.355976,258.252782,1.180000
946,108.120161,109.300161,108.260161,108.210161,108.310161,-10.000000,1341.656138,259.054524,1.180000
947,108.172511,109.372511,108.272511,108.222511,108.322511,-11.000000,1451.028648,260.031029,1.200000
948,108.197114,109.722114,108.409614,108.359614,108.459614,-11.000000,1451.028648,258.522893,1.525000
949,108.054847,109.579847,108.267347,108.217347,108.317347,-10.000000,1342.973801,260.300327,1.525000
950,108.126998,109.326998,108.226998,108.176998,108.276998,-9.000000,1234.846803,260.803819,1.200000
951,108.321774,109.501774,108.461774,108.411774,108.511774,-10.000000,1344.348577,259.730837,1.180000
952,108.247302,109.447302,108.347302,108.297302,108.397302,-9.000000,1236.101275,260.975560,1.200000
953,108.227665,109.407665,108.367665,108.317665,108.417665,-8.000000,1127.873610,260.932292,1.180000
954,108.006724,109.166724,108.186724,108.136724,108.236724,-8.000000,1127.873610,262.379818,1.160000
955,107.814684,108.974684,107.994684,107.944684,108.044684,-9.000000,1236.848294,264.896140,1.160000
956,108.120348,109.300348,108.260348,108.210348,108.310348,-9.000000,1236.848294,262.505160,1.180000
957,108.395989,109.575989,108.535989,108.485989,108.585989,-10.000000,1346.424283,261.064391,1.180000
958,108.513969,109.713969,108.613969,108.563969,108.663969,-10.000000,1346.424283,260.284594,1.200000
959,108.805509,110.005509,108.905509,108.855509,108.955509,-10.000000,1346.424283,257.369189,1.200000
960,108.665357,109.865357,108.765357,108.715357,108.815357,-11.000000,1456.289640,259.870717,1.200000
961,108.452921,109.977921,108.665421,108.615421,108.715421,-11.000000,1456.289640,260.970011,1.525000
962,108.475441,110.000441,108.687941,108.637941,108.737941,-10.000000,1347.814199,260.934789,1.525000
963,108.683300,109.883300,108.783300,108.733300,108.833300,-10.000000,1347.814199,259.981194,1.200000
964,108.706043,109.906043,108.806043,108.756043,108.856043,-11.000000,1457.720242,260.853766,1.200000
965,108.597357,110.122357,108.809857,108.759857,108.859857,-11.000000,1457.720242,260.811812,1.525000
966,108.723359,110.248359,108.935859,108.885859,108.985859,-11.000000,1457.720242,259.425795,1.525000
967,109.020596,110.545596,109.233096,109.183096,109.283096,-12.000000,1568.265838,257.468690,1.525000
968,109.183031,110.733031,109.358031,109.308031,109.408031,-12.000000,1568.265838,255.969471,1.550000
969,109.220799,110.770799,109.395799,109.345799,109.445799,-11.000000,1459.045039,255.691253,1.550000
970,109.186506,110.711506,109.399006,109.349006,109.449006,-11.000000,1459.045039,255.655973,1.525000
971,109.243165,110.768165,109.455665,109.405665,109.505665,-12.000000,1569.813204,256.345222,1.525000
972,109.467143,111.017143,109.642143,109.592143,109.692143,-11.000000,1460.346062,254.282492,1.550000
973,109.294821,110.819821,109.507321,109.457321,109.557321,-11.000000,1460.346062,255.765533,1.525000
974,109.362262,110.887262,109.574762,109.524762,109.624762,-10.000000,1350.983800,255.236179,1.525000
975,109.504535,110.704535,109.604535,109.554535,109.654535,-9.000000,1241.479265,255.038451,1.200000
976,109.619872,110.799872,109.759872,109.709872,109.809872,-10.000000,1352.279137,254.680413,1.180000
977,109.542020,110.742020,109.642020,109.592020,109.692020,-10.000000,1352.279137,255.858933,1.200000
978,109.640219,110.840219,109.740219,109.690219,109.790219,-10.000000,1352.279137,254.876951,1.200000
979,109.667916,110.867916,109.767916,109.717916,109.817916,-9.000000,1242.611221,254.699972,1.200000
980,109.971259,111.151259,110.111259,110.061259,110.161259,-9.000000,1242.611221,251.609893,1.180000
981,109.737744,110.917744,109.877744,109.827744,109.927744,-10.000000,1353.528965,254.751523,1.180000
982,109.651941,110.851941,109.751941,109.701941,109.801941,-10.000000,1353.528965,256.009558,1.200000
983,109.712364,110.912364,109.812364,109.762364,109.862364,-9.000000,1243.816601,255.505325,1.200000
984,109.558111,110.738111,109.698111,109.648111,109.748111,-9.000000,1243.816601,256.533604,1.180000
985,109.604592,110.784592,109.744592,109.694592,109.794592,-8.000000,1134.212008,256.255270,1.180000
986,109.569246,110.729246,109.749246,109.699246,109.799246,-7.000000,1024.642763,256.398042,1.160000
987,109.622774,110.762774,109.842774,109.792774,109.892774,-7.000000,1024.642763,255.743344,1.140000
988,109.546926,110.686926,109.766926,109.716926,109.816926,-6.000000,915.095837,256.494283,1.140000
989,109.421038,110.541038,109.681038,109.631038,109.731038,-6.000000,915.095837,257.009611,1.120000
990,109.297673,110.417673,109.557673,109.507673,109.607673,-6.000000,915.095837,257.749800,1.120000
991,109.495217,110.615217,109.755217,109.705217,109.805217,-7.000000,1025.711054,257.424537,1.120000
992,109.521382,110.661382,109.741382,109.691382,109.791382,-7.000000,1025.711054,257.521383,1.140000
993,109.581655,110.721655,109.801655,109.751655,109.851655,-7.000000,1025.711054,257.099465,1.140000
994,109.423035,110.563035,109.643035,109.593035,109.693035,-8.000000,1136.274089,259.129810,1.140000
995,109.350563,110.510563,109.530563,109.480563,109.580563,-8.000000,1136.274089,260.029584,1.160000
996,109.434911,110.594911,109.614911,109.564911,109.664911,-8.000000,1136.274089,259.354804,1.160000
997,109.497500,110.657500,109.677500,109.627500,109.727500,-8.000000,1136.274089,258.854088,1.160000
998,109.415128,110.575128,109.595128,109.545128,109.645128,-8.000000,1136.274089,259.513064,1.160000
999,109.605580,110.765580,109.785580,109.735580,109.835580,-8.000000,1136.274089,257.989450,1.160000
